402.81228000000004, 9.96, 9.96, 0, 0, 9.96, 43.68, 31.344, 0, "Inclusion  on  this  list  is  not  a  recommendation  by  the  Child  Development  Service  or  th"
164.79815999999997, 9.96, 9.96, 0, 0, 9.96, 446.93, 31.344, 0, "e  Department  of  Health.  This  list  is"
2.7688800000000007, 9.96, 9.96, 0, 0, 9.96, 611.95, 31.344, 0, " "
70.90524, 9.96, 9.96, 0, 0, 9.96, 616.75, 31.344, 0, "updated  annual"
117.08976000000003, 9.96, 9.96, 0, 0, 9.96, 687.7, 31.344, 0, "ly  from  publicly  available "
49.45140000000001, 9.96, 9.96, 0, 0, 9.96, 43.68, 19.8, 0, "information"
2.7688800000000007, 9.96, 9.96, 0, 0, 9.96, 93.12, 19.8, 0, " "
26.563320000000004, 9.96, 9.96, 0, 0, 9.96, 95.904, 19.8, 0, "and is"
2.7688800000000007, 9.96, 9.96, 0, 0, 9.96, 122.54, 19.8, 0, " "
54.55092000000001, 9.96, 9.96, 0, 0, 9.96, 125.3, 19.8, 0, "provided as "
286.6089600000002, 9.96, 9.96, 0, 0, 9.96, 179.9, 19.8, 0, "an informational resource only for parents and carers. This list is "
55.54692000000001, 9.96, 9.96, 0, 0, 9.96, 466.73, 19.8, 0, "current as at"
2.7688800000000007, 9.96, 9.96, 0, 0, 9.96, 522.43, 19.8, 0, " "
49.411560000000016, 9.96, 9.96, 0, 0, 9.96, 525.19, 19.8, 0, "June 2015."
2.7688800000000007, 9.96, 9.96, 0, 0, 9.96, 574.75, 19.8, 0, " "
2.7688800000000007, 9.96, 9.96, 0, 0, 9.96, 576.07, 19.8, 0, " "
2.7688800000000007, 9.96, 9.96, 0, 0, 9.96, 612.07, 19.8, 0, " "
2.7688800000000007, 9.96, 9.96, 0, 0, 9.96, 648.07, 19.8, 0, " "
2.7688800000000007, 9.96, 9.96, 0, 0, 9.96, 684.1, 19.8, 0, " "
2.7688800000000007, 9.96, 9.96, 0, 0, 9.96, 720.1, 19.8, 0, " "
2.7688800000000007, 9.96, 9.96, 0, 0, 9.96, 756.1, 19.8, 0, "["
5.537760000000001, 9.96, 9.96, 0, 0, 9.96, 758.86, 19.8, 0, "8"
2.7688800000000007, 9.96, 9.96, 0, 0, 9.96, 764.38, 19.8, 0, "]"
2.7688800000000007, 9.96, 9.96, 0, 0, 9.96, 767.26, 19.8, 0, " "
55.90788, 15.96, 15.96, 0, 0, 15.96, 301.97, 541.8, 0, "SOUTH"
5.314680000000001, 15.96, 15.96, 0, 0, 15.96, 357.89, 541.8, 0, "-"
174.96948, 15.96, 15.96, 0, 0, 15.96, 363.17, 541.8, 0, "EAST METROPOLITAN"
4.43688, 15.96, 15.96, 0, 0, 15.96, 538.51, 541.8, 0, " "
542.6711999999994, 11.04, 11.04, 0, 0, 11.04, 148.7, 527.86, 0, "(City of Armadale; City of Belmont; City of Canning; City of Gosnells; City of South Perth; Town of Victoria Park)"
3.3360000000000003, 12, 12, 0, 0, 12, 691.66, 527.86, 0, " "
88.73952, 11.04, 11.04, 0, 0, 11.04, 32.28, 511.54, 0, "Clinic Name and "
43.9392, 11.04, 11.04, 0, 0, 11.04, 32.28, 498.82, 0, "Address"
3.06912, 11.04, 11.04, 0, 0, 11.04, 76.32, 498.82, 0, " "
104.63712, 11.04, 11.04, 0, 0, 11.04, 138.62, 511.54, 0, "Names of Clinicians"
3.06912, 11.04, 11.04, 0, 0, 11.04, 243.14, 511.54, 0, " "
80.11727999999998, 11.04, 11.04, 0, 0, 11.04, 259.22, 511.54, 0, "Contact Details"
3.06912, 11.04, 11.04, 0, 0, 11.04, 339.29, 511.54, 0, " "
3.06912, 11.04, 11.04, 0, 0, 11.04, 259.22, 498.82, 0, " "
48.32208000000001, 11.04, 11.04, 0, 0, 11.04, 486.07, 511.54, 0, "Services "
47.05248000000001, 11.04, 11.04, 0, 0, 11.04, 534.43, 511.54, 0, "Provided"
3.06912, 11.04, 11.04, 0, 0, 11.04, 581.47, 511.54, 0, " "
86.91792, 11.04, 11.04, 0, 0, 11.04, 32.28, 482.38, 0, "Hock Leng Chua"
3.06912, 11.04, 11.04, 0, 0, 11.04, 119.06, 482.38, 0, " "
100.36464, 11.04, 11.04, 0, 0, 11.04, 32.28, 469.66, 0, "Armadale Specialist "
33.12, 11.04, 11.04, 0, 0, 11.04, 32.28, 456.94, 0, "Centre"
3.06912, 11.04, 11.04, 0, 0, 11.04, 65.28, 456.94, 0, " "
76.58447999999999, 11.04, 11.04, 0, 0, 11.04, 32.28, 444.34, 0, "15 Fourth Road"
3.06912, 11.04, 11.04, 0, 0, 11.04, 108.74, 444.34, 0, " "
81.3648, 11.04, 11.04, 0, 0, 11.04, 32.28, 431.62, 0, "ARMADALE WA"
3.06912, 11.04, 11.04, 0, 0, 11.04, 113.54, 431.62, 0, " "
24.480159999999998, 11.04, 11.04, 0, 0, 11.04, 32.28, 419.02, 0, "6112"
3.06912, 11.04, 11.04, 0, 0, 11.04, 56.76, 419.02, 0, " "
2.7688800000000007, 9.96, 9.96, 0, 0, 9.96, 32.28, 407.38, 0, " "
3.06912, 11.04, 11.04, 0, 0, 11.04, 35.04, 407.38, 0, " "
89.8656, 11.04, 11.04, 0, 0, 11.04, 138.62, 482.26, 0, "CHUA, Hock Leng"
3.06912, 11.04, 11.04, 0, 0, 11.04, 228.5, 482.26, 0, " "
2.7688800000000007, 9.96, 9.96, 0, 0, 9.96, 138.62, 470.62, 0, " "
3.06912, 11.04, 11.04, 0, 0, 11.04, 141.38, 470.62, 0, " "
34.87536, 11.04, 11.04, 0, 0, 11.04, 259.22, 482.26, 0, "Phone:"
3.06912, 11.04, 11.04, 0, 0, 11.04, 294.17, 482.26, 0, " "
67.47648000000001, 11.04, 11.04, 0, 0, 11.04, 308.81, 482.26, 0, "08 9497 1771"
3.06912, 11.04, 11.04, 0, 0, 11.04, 376.13, 482.26, 0, " "
24.33216, 11.04, 11.04, 0, 0, 11.04, 486.07, 482.38, 0, "Age:"
3.06912, 11.04, 11.04, 0, 0, 11.04, 510.43, 482.38, 0, " "
41.753280000000004, 11.04, 11.04, 0, 0, 11.04, 513.55, 482.38, 0, "infants 0"
3.67632, 11.04, 11.04, 0, 0, 11.04, 555.19, 482.38, 0, "-"
3.06912, 11.04, 11.04, 0, 0, 11.04, 558.91, 482.38, 0, " "
89.75519999999997, 11.04, 11.04, 0, 0, 11.04, 562.03, 482.38, 0, "2 years, children 2"
3.67632, 11.04, 11.04, 0, 0, 11.04, 651.79, 482.38, 0, "-"
89.86559999999997, 11.04, 11.04, 0, 0, 11.04, 655.51, 482.38, 0, "5 years, children 5"
3.67632, 11.04, 11.04, 0, 0, 11.04, 745.42, 482.38, 0, "-"
15.19104, 11.04, 11.04, 0, 0, 11.04, 749.14, 482.38, 0, "12 "
5.52, 11.04, 11.04, 0, 0, 11.04, 764.38, 482.38, 0, "y"
21.4728, 11.04, 11.04, 0, 0, 11.04, 769.78, 482.38, 0, "ears"
6.24004, 11.04, 11.04, 0, 0, 11.04, 791.26, 482.38, 0, ", "
58.776959999999995, 11.04, 11.04, 0, 0, 11.04, 486.07, 469.66, 0, "adolescents"
3.06912, 11.04, 11.04, 0, 0, 11.04, 544.75, 469.66, 0, " "
35.35008, 11.04, 11.04, 0, 0, 11.04, 259.22, 454.06, 0, "Mobile:"
3.06912, 11.04, 11.04, 0, 0, 11.04, 294.77, 454.06, 0, " "
3.06912, 11.04, 11.04, 0, 0, 11.04, 308.81, 454.06, 0, " "
98.48784, 11.04, 11.04, 0, 0, 11.04, 486.07, 454.18, 0, "Services provided:"
3.06912, 11.04, 11.04, 0, 0, 11.04, 584.59, 454.18, 0, " "
103.85328000000001, 11.04, 11.04, 0, 0, 11.04, 587.71, 454.18, 0, "developmental delay "
73.37183999999999, 11.04, 11.04, 0, 0, 11.04, 691.66, 454.18, 0, "assessments,  "
270.23712, 11.04, 11.04, 0, 0, 11.04, 486.07, 441.46, 0, "developmental challenges/concerns/delay, behavioural "
315.00432, 11.04, 11.04, 0, 0, 11.04, 486.07, 428.86, 0, "challenges/concerns, attention, learning and behaviour problems"
3.06912, 11.04, 11.04, 0, 0, 11.04, 801.1, 428.86, 0, " "
35.118000000000016, 9, 9, 0, 0, 9, 259.22, 414.82, 0, "Website:"
2.5020000000000002, 9, 9, 0, 0, 9, 294.29, 414.82, 0, " "
3.06912, 11.04, 11.04, 0, 0, 11.04, 308.81, 413.02, 0, " "
80.22767999999999, 11.04, 11.04, 0, 0, 11.04, 486.07, 413.14, 0, "Other services:"
3.06912, 11.04, 11.04, 0, 0, 11.04, 566.23, 413.14, 0, " "
217.11264, 11.04, 11.04, 0, 0, 11.04, 569.23, 413.14, 0, "General and Respiratory Paediatrics, Allergy"
3.06912, 11.04, 11.04, 0, 0, 11.04, 786.34, 413.14, 0, " "
30.53663999999999, 11.04, 11.04, 0, 0, 11.04, 259.22, 397.51, 0, "Email:"
3.06912, 11.04, 11.04, 0, 0, 11.04, 289.85, 397.51, 0, " "
3.06912, 11.04, 11.04, 0, 0, 11.04, 308.81, 397.51, 0, " "
120.97632000000002, 11.04, 11.04, 0, 0, 11.04, 486.07, 397.63, 0, "Additional information:"
3.06912, 11.04, 11.04, 0, 0, 11.04, 607.03, 397.63, 0, " "
19.422, 9.96, 9.96, 0, 0, 9.96, 259.22, 382.99, 0, "Fax:"
2.7688800000000007, 9.96, 9.96, 0, 0, 9.96, 278.66, 382.99, 0, " "
27.531079999999996, 11.04, 11.04, 0, 0, 11.04, 308.81, 382.03, 0, "9497 "
24.480159999999998, 11.04, 11.04, 0, 0, 11.04, 336.41, 382.03, 0, "1992"
3.06912, 11.04, 11.04, 0, 0, 11.04, 360.77, 382.03, 0, " "
2.7688800000000007, 9.96, 9.96, 0, 0, 9.96, 486.07, 382.99, 0, " "
2.49504, 11.04, 11.04, 0, 0, 11.04, 72, 368.11, 0, " "
2.49504, 11.04, 11.04, 0, 0, 11.04, 216.02, 368.11, 0, " "
402.81228000000004, 9.96, 9.96, 0, 0, 9.96, 43.68, 31.344, 1, "Inclusion  on  this  list  is  not  a  recommendation  by  the  Child  Development  Service  or  th"
164.79815999999997, 9.96, 9.96, 0, 0, 9.96, 446.93, 31.344, 1, "e  Department  of  Health.  This  list  is"
2.7688800000000007, 9.96, 9.96, 0, 0, 9.96, 611.95, 31.344, 1, " "
70.90524, 9.96, 9.96, 0, 0, 9.96, 616.75, 31.344, 1, "updated  annual"
117.08976000000003, 9.96, 9.96, 0, 0, 9.96, 687.7, 31.344, 1, "ly  from  publicly  available "
49.45140000000001, 9.96, 9.96, 0, 0, 9.96, 43.68, 19.8, 1, "information"
2.7688800000000007, 9.96, 9.96, 0, 0, 9.96, 93.12, 19.8, 1, " "
26.563320000000004, 9.96, 9.96, 0, 0, 9.96, 95.904, 19.8, 1, "and is"
2.7688800000000007, 9.96, 9.96, 0, 0, 9.96, 122.54, 19.8, 1, " "
54.55092000000001, 9.96, 9.96, 0, 0, 9.96, 125.3, 19.8, 1, "provided as "
286.6089600000002, 9.96, 9.96, 0, 0, 9.96, 179.9, 19.8, 1, "an informational resource only for parents and carers. This list is "
55.54692000000001, 9.96, 9.96, 0, 0, 9.96, 466.73, 19.8, 1, "current as at"
2.7688800000000007, 9.96, 9.96, 0, 0, 9.96, 522.43, 19.8, 1, " "
49.411560000000016, 9.96, 9.96, 0, 0, 9.96, 525.19, 19.8, 1, "June 2015."
2.7688800000000007, 9.96, 9.96, 0, 0, 9.96, 574.75, 19.8, 1, " "
2.7688800000000007, 9.96, 9.96, 0, 0, 9.96, 576.07, 19.8, 1, " "
2.7688800000000007, 9.96, 9.96, 0, 0, 9.96, 612.07, 19.8, 1, " "
2.7688800000000007, 9.96, 9.96, 0, 0, 9.96, 648.07, 19.8, 1, " "
2.7688800000000007, 9.96, 9.96, 0, 0, 9.96, 684.1, 19.8, 1, " "
2.7688800000000007, 9.96, 9.96, 0, 0, 9.96, 720.1, 19.8, 1, " "
2.7688800000000007, 9.96, 9.96, 0, 0, 9.96, 756.1, 19.8, 1, "["
5.537760000000001, 9.96, 9.96, 0, 0, 9.96, 758.86, 19.8, 1, "5"
2.7688800000000007, 9.96, 9.96, 0, 0, 9.96, 764.38, 19.8, 1, "]"
2.7688800000000007, 9.96, 9.96, 0, 0, 9.96, 767.26, 19.8, 1, " "
174.73008000000004, 15.96, 15.96, 0, 0, 15.96, 336.89, 541.8, 1, "EAST METROPOLITAN"
4.43688, 15.96, 15.96, 0, 0, 15.96, 511.99, 541.8, 1, " "
45.87119999999999, 11.04, 11.04, 0, 0, 11.04, 188.3, 527.86, 1, "(Town of "
426.02255999999977, 11.04, 11.04, 0, 0, 11.04, 234.26, 527.86, 1, "Bassendean; City of Bayswater, Shire of Kalamunda; Shire of Mundaring; City of Swan)"
3.3360000000000003, 12, 12, 0, 0, 12, 660.46, 527.86, 1, " "
88.73952, 11.04, 11.04, 0, 0, 11.04, 32.28, 511.54, 1, "Clinic Name and "
43.9392, 11.04, 11.04, 0, 0, 11.04, 32.28, 498.82, 1, "Address"
3.06912, 11.04, 11.04, 0, 0, 11.04, 76.32, 498.82, 1, " "
104.63712, 11.04, 11.04, 0, 0, 11.04, 138.62, 511.54, 1, "Names of Clinicians"
3.06912, 11.04, 11.04, 0, 0, 11.04, 243.14, 511.54, 1, " "
80.11727999999998, 11.04, 11.04, 0, 0, 11.04, 259.22, 511.54, 1, "Contact Details"
3.06912, 11.04, 11.04, 0, 0, 11.04, 339.29, 511.54, 1, " "
3.06912, 11.04, 11.04, 0, 0, 11.04, 259.22, 498.82, 1, " "
95.40768, 11.04, 11.04, 0, 0, 11.04, 486.07, 511.54, 1, "Services Provided"
3.06912, 11.04, 11.04, 0, 0, 11.04, 581.47, 511.54, 1, " "
103.34543999999998, 11.04, 11.04, 0, 0, 11.04, 32.28, 482.38, 1, "Dr Richard Christie "
97.83648, 11.04, 11.04, 0, 0, 11.04, 32.28, 469.78, 1, "Specialist Medical "
30.095039999999997, 11.04, 11.04, 0, 0, 11.04, 32.28, 457.06, 1, "Clinic"
3.06912, 11.04, 11.04, 0, 0, 11.04, 62.28, 457.06, 1, " "
98.42159999999998, 11.04, 11.04, 0, 0, 11.04, 32.28, 444.34, 1, "4/14 Stafford Street "
3.06912, 11.04, 11.04, 0, 0, 11.04, 130.7, 444.34, 1, " "
70.4352, 11.04, 11.04, 0, 0, 11.04, 32.28, 431.62, 1, "MIDLAND WA"
3.06912, 11.04, 11.04, 0, 0, 11.04, 102.62, 431.62, 1, " "
24.480159999999998, 11.04, 11.04, 0, 0, 11.04, 32.28, 419.02, 1, "6056"
3.06912, 11.04, 11.04, 0, 0, 11.04, 56.76, 419.02, 1, " "
3.06912, 11.04, 11.04, 0, 0, 11.04, 32.28, 406.42, 1, " "
3.06912, 11.04, 11.04, 0, 0, 11.04, 35.28, 406.42, 1, " "
51.49056, 11.04, 11.04, 0, 0, 11.04, 138.62, 482.26, 1, "CHRISTIE"
6.24004, 11.04, 11.04, 0, 0, 11.04, 189.98, 482.26, 1, ", "
40.84799999999999, 11.04, 11.04, 0, 0, 11.04, 196.22, 482.26, 1, "Richard "
3.06912, 11.04, 11.04, 0, 0, 11.04, 237.02, 482.26, 1, " "
3.06912, 11.04, 11.04, 0, 0, 11.04, 138.62, 469.66, 1, " "
3.06912, 11.04, 11.04, 0, 0, 11.04, 141.62, 469.66, 1, " "
34.87536, 11.04, 11.04, 0, 0, 11.04, 259.22, 482.26, 1, "Phone:"
3.06912, 11.04, 11.04, 0, 0, 11.04, 294.17, 482.26, 1, " "
52.11984, 11.04, 11.04, 0, 0, 11.04, 301.73, 482.26, 1, "9274 6388"
3.06912, 11.04, 11.04, 0, 0, 11.04, 353.81, 482.26, 1, " "
3.06912, 11.04, 11.04, 0, 0, 11.04, 356.81, 482.26, 1, "/"
3.06912, 11.04, 11.04, 0, 0, 11.04, 359.93, 482.26, 1, " "
51.9984, 11.04, 11.04, 0, 0, 11.04, 363.05, 482.26, 1, "9274 6982"
3.06912, 11.04, 11.04, 0, 0, 11.04, 414.89, 482.26, 1, " "
24.33216, 11.04, 11.04, 0, 0, 11.04, 486.07, 482.38, 1, "Age:"
3.06912, 11.04, 11.04, 0, 0, 11.04, 510.43, 482.38, 1, " "
45.35231999999999, 11.04, 11.04, 0, 0, 11.04, 513.55, 482.38, 1, "Infants, 0"
3.67632, 11.04, 11.04, 0, 0, 11.04, 558.91, 482.38, 1, "-"
3.06912, 11.04, 11.04, 0, 0, 11.04, 562.51, 482.38, 1, " "
89.87663999999998, 11.04, 11.04, 0, 0, 11.04, 565.63, 482.38, 1, "2 years, children 2"
3.67632, 11.04, 11.04, 0, 0, 11.04, 655.51, 482.38, 1, "-"
89.86559999999997, 11.04, 11.04, 0, 0, 11.04, 659.23, 482.38, 1, "5 years, children 5"
3.67632, 11.04, 11.04, 0, 0, 11.04, 749.14, 482.38, 1, "-"
15.19104, 11.04, 11.04, 0, 0, 11.04, 752.86, 482.38, 1, "12 "
5.52, 11.04, 11.04, 0, 0, 11.04, 768.1, 482.38, 1, "y"
21.4728, 11.04, 11.04, 0, 0, 11.04, 773.5, 482.38, 1, "ears"
6.24004, 11.04, 11.04, 0, 0, 11.04, 794.98, 482.38, 1, ", "
58.776959999999995, 11.04, 11.04, 0, 0, 11.04, 486.07, 469.66, 1, "adolescents"
3.06912, 11.04, 11.04, 0, 0, 11.04, 544.75, 469.66, 1, " "
35.35008, 11.04, 11.04, 0, 0, 11.04, 259.22, 454.06, 1, "Mobile:"
3.06912, 11.04, 11.04, 0, 0, 11.04, 294.77, 454.06, 1, " "
3.06912, 11.04, 11.04, 0, 0, 11.04, 301.73, 454.06, 1, " "
98.48784, 11.04, 11.04, 0, 0, 11.04, 486.07, 454.18, 1, "Services provided:"
3.06912, 11.04, 11.04, 0, 0, 11.04, 584.59, 454.18, 1, " "
209.62751999999998, 11.04, 11.04, 0, 0, 11.04, 587.71, 454.18, 1, "autism assessments, developmental delay "
291.59952, 11.04, 11.04, 0, 0, 11.04, 486.07, 441.46, 1, "assessments, genetic disorders/syndromes, developmental "
302.1537599999999, 11.04, 11.04, 0, 0, 11.04, 486.07, 428.86, 1, "challenges/concerns/delay, behavioural challenges/concerns, "
208.60080000000002, 11.04, 11.04, 0, 0, 11.04, 486.07, 416.14, 1, "attention, learning and behaviour problems"
3.06912, 11.04, 11.04, 0, 0, 11.04, 694.66, 416.14, 1, " "
35.118000000000016, 9, 9, 0, 0, 9, 259.22, 402.43, 1, "Website:"
2.5020000000000002, 9, 9, 0, 0, 9, 294.29, 402.43, 1, " "
3.06912, 11.04, 11.04, 0, 0, 11.04, 301.73, 400.63, 1, " "
80.22767999999999, 11.04, 11.04, 0, 0, 11.04, 486.07, 400.75, 1, "Other services:"
3.06912, 11.04, 11.04, 0, 0, 11.04, 566.23, 400.75, 1, " "
30.53663999999999, 11.04, 11.04, 0, 0, 11.04, 259.22, 385.15, 1, "Email:"
3.06912, 11.04, 11.04, 0, 0, 11.04, 289.85, 385.15, 1, " "
120.09312, 11.04, 11.04, 0, 0, 11.04, 301.73, 385.15, 1, "dr.rjchristie@aapt.net.au"
3.06912, 11.04, 11.04, 0, 0, 11.04, 421.73, 385.15, 1, " "
3.06912, 11.04, 11.04, 0, 0, 11.04, 424.73, 385.15, 1, " "
120.97632000000002, 11.04, 11.04, 0, 0, 11.04, 486.07, 385.27, 1, "Additional information:"
3.06912, 11.04, 11.04, 0, 0, 11.04, 607.03, 385.27, 1, " "
21.307199999999995, 11.04, 11.04, 0, 0, 11.04, 259.22, 367.27, 1, "Fax:"
3.06912, 11.04, 11.04, 0, 0, 11.04, 280.58, 367.27, 1, " "
6.13824, 11.04, 11.04, 0, 0, 11.04, 301.73, 367.27, 1, "9"
21.41104, 11.04, 11.04, 0, 0, 11.04, 307.85, 367.27, 1, "274 "
24.480159999999998, 11.04, 11.04, 0, 0, 11.04, 329.33, 367.27, 1, "7654"
3.06912, 11.04, 11.04, 0, 0, 11.04, 353.69, 367.27, 1, " "
3.06912, 11.04, 11.04, 0, 0, 11.04, 486.07, 367.27, 1, " "
4.43688, 15.96, 15.96, 0, 0, 15.96, 72, 349.03, 1, " "
4.43688, 15.96, 15.96, 0, 0, 15.96, 72, 317.95, 1, " "
4.43688, 15.96, 15.96, 0, 0, 15.96, 216.02, 317.95, 1, " "
402.81228000000004, 9.96, 9.96, 0, 0, 9.96, 43.68, 31.344, 2, "Inclusion  on  this  list  is  not  a  recommendation  by  the  Child  Development  Service  or  th"
164.79815999999997, 9.96, 9.96, 0, 0, 9.96, 446.93, 31.344, 2, "e  Department  of  Health.  This  list  is"
2.7688800000000007, 9.96, 9.96, 0, 0, 9.96, 611.95, 31.344, 2, " "
70.90524, 9.96, 9.96, 0, 0, 9.96, 616.75, 31.344, 2, "updated  annual"
117.08976000000003, 9.96, 9.96, 0, 0, 9.96, 687.7, 31.344, 2, "ly  from  publicly  available "
49.45140000000001, 9.96, 9.96, 0, 0, 9.96, 43.68, 19.8, 2, "information"
2.7688800000000007, 9.96, 9.96, 0, 0, 9.96, 93.12, 19.8, 2, " "
26.563320000000004, 9.96, 9.96, 0, 0, 9.96, 95.904, 19.8, 2, "and is"
2.7688800000000007, 9.96, 9.96, 0, 0, 9.96, 122.54, 19.8, 2, " "
54.55092000000001, 9.96, 9.96, 0, 0, 9.96, 125.3, 19.8, 2, "provided as "
286.6089600000002, 9.96, 9.96, 0, 0, 9.96, 179.9, 19.8, 2, "an informational resource only for parents and carers. This list is "
55.54692000000001, 9.96, 9.96, 0, 0, 9.96, 466.73, 19.8, 2, "current as at"
2.7688800000000007, 9.96, 9.96, 0, 0, 9.96, 522.43, 19.8, 2, " "
49.411560000000016, 9.96, 9.96, 0, 0, 9.96, 525.19, 19.8, 2, "June 2015."
2.7688800000000007, 9.96, 9.96, 0, 0, 9.96, 574.75, 19.8, 2, " "
2.7688800000000007, 9.96, 9.96, 0, 0, 9.96, 576.07, 19.8, 2, " "
2.7688800000000007, 9.96, 9.96, 0, 0, 9.96, 612.07, 19.8, 2, " "
2.7688800000000007, 9.96, 9.96, 0, 0, 9.96, 648.07, 19.8, 2, " "
2.7688800000000007, 9.96, 9.96, 0, 0, 9.96, 684.1, 19.8, 2, " "
2.7688800000000007, 9.96, 9.96, 0, 0, 9.96, 720.1, 19.8, 2, " "
2.7688800000000007, 9.96, 9.96, 0, 0, 9.96, 756.1, 19.8, 2, "["
5.537760000000001, 9.96, 9.96, 0, 0, 9.96, 758.86, 19.8, 2, "7"
2.7688800000000007, 9.96, 9.96, 0, 0, 9.96, 764.38, 19.8, 2, "]"
2.7688800000000007, 9.96, 9.96, 0, 0, 9.96, 767.26, 19.8, 2, " "
86.91792, 11.04, 11.04, 0, 0, 11.04, 32.28, 546.48, 2, "Hock Leng Chua"
3.06912, 11.04, 11.04, 0, 0, 11.04, 119.06, 546.48, 2, " "
64.21968, 11.04, 11.04, 0, 0, 11.04, 32.28, 533.64, 2, "Westminster "
86.90688, 11.04, 11.04, 0, 0, 11.04, 32.28, 521.02, 2, "Specalist Centre, "
75.28175999999999, 11.04, 11.04, 0, 0, 11.04, 32.28, 508.3, 2, "476 Wanneroo "
29.3664, 11.04, 11.04, 0, 0, 11.04, 32.28, 495.7, 2, "Road "
3.06912, 11.04, 11.04, 0, 0, 11.04, 61.68, 495.7, 2, " "
84.37871999999997, 11.04, 11.04, 0, 0, 11.04, 32.28, 483.1, 2, "WESTMINSTER "
18.30144, 11.04, 11.04, 0, 0, 11.04, 32.28, 470.38, 2, "WA"
3.06912, 11.04, 11.04, 0, 0, 11.04, 50.04, 470.38, 2, " "
24.480159999999998, 11.04, 11.04, 0, 0, 11.04, 32.28, 457.78, 2, "6061"
3.06912, 11.04, 11.04, 0, 0, 11.04, 56.76, 457.78, 2, " "
89.8656, 11.04, 11.04, 0, 0, 11.04, 138.62, 546.36, 2, "CHUA, Hock Leng"
3.06912, 11.04, 11.04, 0, 0, 11.04, 228.5, 546.36, 2, " "
3.06912, 11.04, 11.04, 0, 0, 11.04, 138.62, 521.74, 2, " "
34.87536, 11.04, 11.04, 0, 0, 11.04, 259.22, 546.36, 2, "Phone:"
3.06912, 11.04, 11.04, 0, 0, 11.04, 294.17, 546.36, 2, " "
52.11984, 11.04, 11.04, 0, 0, 11.04, 301.73, 546.36, 2, "9497 1771"
3.06912, 11.04, 11.04, 0, 0, 11.04, 353.69, 546.36, 2, " "
27.40128, 11.04, 11.04, 0, 0, 11.04, 486.07, 546.48, 2, "Age: "
41.753280000000004, 11.04, 11.04, 0, 0, 11.04, 513.55, 546.48, 2, "infants 0"
3.67632, 11.04, 11.04, 0, 0, 11.04, 555.19, 546.48, 2, "-"
3.06912, 11.04, 11.04, 0, 0, 11.04, 558.91, 546.48, 2, " "
89.75519999999997, 11.04, 11.04, 0, 0, 11.04, 562.03, 546.48, 2, "2 years, children 2"
3.67632, 11.04, 11.04, 0, 0, 11.04, 651.79, 546.48, 2, "-"
89.86559999999997, 11.04, 11.04, 0, 0, 11.04, 655.51, 546.48, 2, "5 years, children 5"
3.67632, 11.04, 11.04, 0, 0, 11.04, 745.42, 546.48, 2, "-"
15.19104, 11.04, 11.04, 0, 0, 11.04, 749.14, 546.48, 2, "12 "
5.52, 11.04, 11.04, 0, 0, 11.04, 764.38, 546.48, 2, "y"
21.4728, 11.04, 11.04, 0, 0, 11.04, 769.78, 546.48, 2, "ears"
6.24004, 11.04, 11.04, 0, 0, 11.04, 791.26, 546.48, 2, ", "
58.776959999999995, 11.04, 11.04, 0, 0, 11.04, 486.07, 533.64, 2, "adolescents"
3.06912, 11.04, 11.04, 0, 0, 11.04, 544.75, 533.64, 2, " "
35.35008, 11.04, 11.04, 0, 0, 11.04, 259.22, 518.14, 2, "Mobile:"
3.06912, 11.04, 11.04, 0, 0, 11.04, 294.77, 518.14, 2, " "
3.06912, 11.04, 11.04, 0, 0, 11.04, 301.73, 518.14, 2, " "
101.55696, 11.04, 11.04, 0, 0, 11.04, 486.07, 518.26, 2, "Services provided: "
177.26928, 11.04, 11.04, 0, 0, 11.04, 587.71, 518.26, 2, "developmental delay assessments,  "
270.23712, 11.04, 11.04, 0, 0, 11.04, 486.07, 505.54, 2, "developmental challenges/concerns/delay, behavioural "
315.00432, 11.04, 11.04, 0, 0, 11.04, 486.07, 492.82, 2, "challenges/concerns, attention, learning and behaviour problems"
3.06912, 11.04, 11.04, 0, 0, 11.04, 801.1, 492.82, 2, " "
35.118000000000016, 9, 9, 0, 0, 9, 259.22, 479.14, 2, "Website:"
2.5020000000000002, 9, 9, 0, 0, 9, 294.29, 479.14, 2, " "
3.06912, 11.04, 11.04, 0, 0, 11.04, 301.73, 477.34, 2, " "
83.19743999999999, 11.04, 11.04, 0, 0, 11.04, 486.07, 477.46, 2, "Other services: "
217.11264, 11.04, 11.04, 0, 0, 11.04, 569.23, 477.46, 2, "General and Respiratory Paediatrics, Allergy"
3.06912, 11.04, 11.04, 0, 0, 11.04, 786.34, 477.46, 2, " "
30.53663999999999, 11.04, 11.04, 0, 0, 11.04, 259.22, 461.86, 2, "Email:"
3.06912, 11.04, 11.04, 0, 0, 11.04, 289.85, 461.86, 2, " "
3.06912, 11.04, 11.04, 0, 0, 11.04, 301.73, 461.86, 2, " "
120.97632000000002, 11.04, 11.04, 0, 0, 11.04, 486.07, 461.98, 2, "Additional information:"
3.06912, 11.04, 11.04, 0, 0, 11.04, 607.03, 461.98, 2, " "
21.307199999999995, 11.04, 11.04, 0, 0, 11.04, 259.22, 443.98, 2, "Fax:"
3.06912, 11.04, 11.04, 0, 0, 11.04, 280.58, 443.98, 2, " "
52.11984, 11.04, 11.04, 0, 0, 11.04, 301.73, 443.98, 2, "9497 1992"
3.06912, 11.04, 11.04, 0, 0, 11.04, 353.69, 443.98, 2, " "
3.06912, 11.04, 11.04, 0, 0, 11.04, 486.07, 443.98, 2, " "
64.23071999999999, 11.04, 11.04, 0, 0, 11.04, 32.28, 428.14, 2, "Dr Lana Bell"
3.06912, 11.04, 11.04, 0, 0, 11.04, 96.504, 428.14, 2, " "
52.62767999999999, 11.04, 11.04, 0, 0, 11.04, 32.28, 415.3, 2, "Suite 210, "
88.76159999999999, 11.04, 11.04, 0, 0, 11.04, 32.28, 402.67, 2, "Joondalup Health "
62.464319999999994, 11.04, 11.04, 0, 0, 11.04, 32.28, 390.07, 2, "Campus, 60 "
81.38687999999999, 11.04, 11.04, 0, 0, 11.04, 32.28, 377.35, 2, "Shenton Avenue"
3.06912, 11.04, 11.04, 0, 0, 11.04, 113.66, 377.35, 2, " "
88.22064, 11.04, 11.04, 0, 0, 11.04, 32.28, 364.75, 2, "JOONDALUP WA"
3.06912, 11.04, 11.04, 0, 0, 11.04, 120.26, 364.75, 2, " "
24.480159999999998, 11.04, 11.04, 0, 0, 11.04, 32.28, 352.03, 2, "6027"
3.06912, 11.04, 11.04, 0, 0, 11.04, 56.76, 352.03, 2, " "
3.06912, 11.04, 11.04, 0, 0, 11.04, 32.28, 339.43, 2, " "
3.06912, 11.04, 11.04, 0, 0, 11.04, 35.28, 339.43, 2, " "
57.628800000000005, 11.04, 11.04, 0, 0, 11.04, 138.62, 428.02, 2, "BELL, Lana"
3.06912, 11.04, 11.04, 0, 0, 11.04, 196.1, 428.02, 2, " "
3.06912, 11.04, 11.04, 0, 0, 11.04, 138.62, 415.3, 2, " "
3.06912, 11.04, 11.04, 0, 0, 11.04, 141.62, 415.3, 2, " "
34.87536, 11.04, 11.04, 0, 0, 11.04, 259.22, 428.02, 2, "Phone:"
3.06912, 11.04, 11.04, 0, 0, 11.04, 294.17, 428.02, 2, " "
52.11984, 11.04, 11.04, 0, 0, 11.04, 301.73, 428.02, 2, "9300 9559"
3.06912, 11.04, 11.04, 0, 0, 11.04, 353.69, 428.02, 2, " "
27.40128, 11.04, 11.04, 0, 0, 11.04, 486.07, 428.14, 2, "Age: "
42.34944, 11.04, 11.04, 0, 0, 11.04, 513.55, 428.14, 2, "Infants 0"
3.67632, 11.04, 11.04, 0, 0, 11.04, 555.79, 428.14, 2, "-"
3.06912, 11.04, 11.04, 0, 0, 11.04, 559.51, 428.14, 2, " "
89.75519999999997, 11.04, 11.04, 0, 0, 11.04, 562.63, 428.14, 2, "2 years, children 2"
3.67632, 11.04, 11.04, 0, 0, 11.04, 652.39, 428.14, 2, "-"
89.86559999999997, 11.04, 11.04, 0, 0, 11.04, 656.11, 428.14, 2, "5 years, children 5"
3.67632, 11.04, 11.04, 0, 0, 11.04, 746.02, 428.14, 2, "-"
15.19104, 11.04, 11.04, 0, 0, 11.04, 749.74, 428.14, 2, "12 "
5.52, 11.04, 11.04, 0, 0, 11.04, 764.98, 428.14, 2, "y"
21.4728, 11.04, 11.04, 0, 0, 11.04, 770.38, 428.14, 2, "ears"
6.24004, 11.04, 11.04, 0, 0, 11.04, 791.86, 428.14, 2, ", "
58.776959999999995, 11.04, 11.04, 0, 0, 11.04, 486.07, 415.3, 2, "adolescents"
3.06912, 11.04, 11.04, 0, 0, 11.04, 544.75, 415.3, 2, " "
35.35008, 11.04, 11.04, 0, 0, 11.04, 259.22, 399.79, 2, "Mobile:"
3.06912, 11.04, 11.04, 0, 0, 11.04, 294.77, 399.79, 2, " "
3.06912, 11.04, 11.04, 0, 0, 11.04, 301.73, 399.79, 2, " "
101.55696, 11.04, 11.04, 0, 0, 11.04, 486.07, 399.91, 2, "Services provided: "
209.62751999999998, 11.04, 11.04, 0, 0, 11.04, 587.71, 399.91, 2, "autism assessments, developmental delay "
291.59952, 11.04, 11.04, 0, 0, 11.04, 486.07, 387.19, 2, "assessments, genetic disorders/syndromes, developmental "
302.1537599999999, 11.04, 11.04, 0, 0, 11.04, 486.07, 374.59, 2, "challenges/concerns/delay, behavioural challenges/concerns, "
208.60080000000002, 11.04, 11.04, 0, 0, 11.04, 486.07, 361.87, 2, "attention, learning and behaviour problems"
3.06912, 11.04, 11.04, 0, 0, 11.04, 694.66, 361.87, 2, " "
35.118000000000016, 9, 9, 0, 0, 9, 259.22, 348.19, 2, "Website:"
2.5020000000000002, 9, 9, 0, 0, 9, 294.29, 348.19, 2, " "
3.06912, 11.04, 11.04, 0, 0, 11.04, 301.73, 346.39, 2, " "
80.22767999999999, 11.04, 11.04, 0, 0, 11.04, 486.07, 346.51, 2, "Other services:"
3.06912, 11.04, 11.04, 0, 0, 11.04, 566.23, 346.51, 2, " "
30.53663999999999, 11.04, 11.04, 0, 0, 11.04, 259.22, 330.91, 2, "Email:"
3.06912, 11.04, 11.04, 0, 0, 11.04, 289.85, 330.91, 2, " "
139.66704000000001, 11.04, 11.04, 0, 0, 11.04, 301.73, 330.91, 2, "daleemery@westnet.com.au"
0.13344, 0.48, 0.48, 0, 0, 0.48, 441.29, 330.91, 2, " "
120.97632000000002, 11.04, 11.04, 0, 0, 11.04, 486.07, 331.03, 2, "Additional information:"
3.06912, 11.04, 11.04, 0, 0, 11.04, 607.03, 331.03, 2, " "
21.307199999999995, 11.04, 11.04, 0, 0, 11.04, 259.22, 313.03, 2, "Fax:"
3.06912, 11.04, 11.04, 0, 0, 11.04, 280.58, 313.03, 2, " "
52.11984, 11.04, 11.04, 0, 0, 11.04, 301.73, 313.03, 2, "9400 9608"
3.06912, 11.04, 11.04, 0, 0, 11.04, 353.69, 313.03, 2, " "
3.06912, 11.04, 11.04, 0, 0, 11.04, 486.07, 313.03, 2, " "
45.19776, 11.04, 11.04, 0, 0, 11.04, 32.28, 297.19, 2, "Ravisha "
61.79088, 11.04, 11.04, 0, 0, 11.04, 32.28, 284.47, 2, "Srinivasjois"
3.06912, 11.04, 11.04, 0, 0, 11.04, 94.08, 284.47, 2, " "
102.77135999999999, 11.04, 11.04, 0, 0, 11.04, 32.28, 271.73, 2, "Suite 204, Specialist "
77.09232, 11.04, 11.04, 0, 0, 11.04, 32.28, 259.01, 2, "Medical Centre "
85.00800000000001, 11.04, 11.04, 0, 0, 11.04, 32.28, 246.41, 2, "West, Joondalup "
75.94416, 11.04, 11.04, 0, 0, 11.04, 32.28, 233.81, 2, "Health Campus"
3.06912, 11.04, 11.04, 0, 0, 11.04, 108.14, 233.81, 2, " "
88.22064, 11.04, 11.04, 0, 0, 11.04, 32.28, 221.09, 2, "JOONDALUP WA"
5.04008, 11.04, 11.04, 0, 0, 11.04, 120.38, 221.09, 2, "  "
3.06912, 11.04, 11.04, 0, 0, 11.04, 125.3, 221.09, 2, " "
84.99696000000002, 11.04, 11.04, 0, 0, 11.04, 138.62, 297.07, 2, "SRINIVAS JOIS, "
42.658559999999994, 11.04, 11.04, 0, 0, 11.04, 138.62, 284.35, 2, "Ravisha "
3.06912, 11.04, 11.04, 0, 0, 11.04, 181.46, 284.35, 2, " "
3.06912, 11.04, 11.04, 0, 0, 11.04, 138.62, 271.73, 2, " "
34.87536, 11.04, 11.04, 0, 0, 11.04, 259.22, 297.07, 2, "Phone:"
3.06912, 11.04, 11.04, 0, 0, 11.04, 294.17, 297.07, 2, " "
52.11984, 11.04, 11.04, 0, 0, 11.04, 301.73, 297.07, 2, "9400 9910"
3.06912, 11.04, 11.04, 0, 0, 11.04, 353.69, 297.07, 2, " "
27.40128, 11.04, 11.04, 0, 0, 11.04, 486.07, 297.19, 2, "Age: "
42.34944, 11.04, 11.04, 0, 0, 11.04, 513.55, 297.19, 2, "Infants 0"
3.67632, 11.04, 11.04, 0, 0, 11.04, 555.79, 297.19, 2, "-"
3.06912, 11.04, 11.04, 0, 0, 11.04, 559.51, 297.19, 2, " "
89.75519999999997, 11.04, 11.04, 0, 0, 11.04, 562.63, 297.19, 2, "2 years, children 2"
3.67632, 11.04, 11.04, 0, 0, 11.04, 652.39, 297.19, 2, "-"
35.97936, 11.04, 11.04, 0, 0, 11.04, 656.11, 297.19, 2, "5 years"
3.06912, 11.04, 11.04, 0, 0, 11.04, 692.14, 297.19, 2, " "
35.35008, 11.04, 11.04, 0, 0, 11.04, 259.22, 281.59, 2, "Mobile:"
3.06912, 11.04, 11.04, 0, 0, 11.04, 294.77, 281.59, 2, " "
3.06912, 11.04, 11.04, 0, 0, 11.04, 301.73, 281.59, 2, " "
101.55696, 11.04, 11.04, 0, 0, 11.04, 486.07, 281.71, 2, "Services provided: "
210.81984, 11.04, 11.04, 0, 0, 11.04, 587.71, 281.71, 2, "Autism assessments, developmental delay "
291.59952, 11.04, 11.04, 0, 0, 11.04, 486.07, 268.85, 2, "assessments, genetic disorders/syndromes, developmental "
296.10383999999993, 11.04, 11.04, 0, 0, 11.04, 486.07, 256.25, 2, "challenges/concerns/delay, behavioural challenges/concerns"
3.06912, 11.04, 11.04, 0, 0, 11.04, 782.14, 256.25, 2, " "
35.118000000000016, 9, 9, 0, 0, 9, 259.22, 242.57, 2, "Website:"
2.5020000000000002, 9, 9, 0, 0, 9, 294.29, 242.57, 2, " "
118.69104000000002, 11.04, 11.04, 0, 0, 11.04, 301.73, 240.77, 2, "www.paedswest.com.au"
3.06912, 11.04, 11.04, 0, 0, 11.04, 420.41, 240.77, 2, " "
3.06912, 11.04, 11.04, 0, 0, 11.04, 423.41, 240.77, 2, " "
3.06912, 11.04, 11.04, 0, 0, 11.04, 426.41, 240.77, 2, " "
83.19743999999999, 11.04, 11.04, 0, 0, 11.04, 486.07, 240.89, 2, "Other services: "
105.18911999999999, 11.04, 11.04, 0, 0, 11.04, 569.23, 240.89, 2, "Griffiths assessments"
3.06912, 11.04, 11.04, 0, 0, 11.04, 674.38, 240.89, 2, " "
30.53663999999999, 11.04, 11.04, 0, 0, 11.04, 259.22, 225.17, 2, "Email:"
3.06912, 11.04, 11.04, 0, 0, 11.04, 289.85, 225.17, 2, " "
106.00608, 11.04, 11.04, 0, 0, 11.04, 301.73, 225.17, 2, "drrav.jois@gmail.com"
0.13344, 0.48, 0.48, 0, 0, 0.48, 407.69, 225.17, 2, " "
123.96816000000001, 11.04, 11.04, 0, 0, 11.04, 486.07, 225.29, 2, "Additional information: "
187.6248, 11.04, 11.04, 0, 0, 11.04, 610.15, 225.29, 2, "Referrals up to age 6, also consults at "
66.06336, 11.04, 11.04, 0, 0, 11.04, 486.07, 212.57, 2, "14/4 Ventnor "
104.05199999999999, 11.04, 11.04, 0, 0, 11.04, 552.19, 212.57, 2, "Ave West Perth 6005"
3.06912, 11.04, 11.04, 0, 0, 11.04, 656.11, 212.57, 2, " "
21.307199999999995, 11.04, 11.04, 0, 0, 11.04, 259.22, 197.09, 2, "Fax:"
3.06912, 11.04, 11.04, 0, 0, 11.04, 280.58, 197.09, 2, " "
52.11984, 11.04, 11.04, 0, 0, 11.04, 301.73, 197.09, 2, "9400 9909"
3.06912, 11.04, 11.04, 0, 0, 11.04, 353.69, 197.09, 2, " "
3.06912, 11.04, 11.04, 0, 0, 11.04, 486.07, 197.09, 2, " "
2.49504, 11.04, 11.04, 0, 0, 11.04, 72, 183.17, 2, " "
2.49504, 11.04, 11.04, 0, 0, 11.04, 72, 157.73, 2, " "
2.49504, 11.04, 11.04, 0, 0, 11.04, 72, 132.26, 2, " "
2.49504, 11.04, 11.04, 0, 0, 11.04, 216.02, 132.26, 2, " "
402.81228000000004, 9.96, 9.96, 0, 0, 9.96, 43.68, 31.344, 3, "Inclusion  on  this  list  is  not  a  recommendation  by  the  Child  Development  Service  or  th"
164.79815999999997, 9.96, 9.96, 0, 0, 9.96, 446.93, 31.344, 3, "e  Department  of  Health.  This  list  is"
2.7688800000000007, 9.96, 9.96, 0, 0, 9.96, 611.95, 31.344, 3, " "
70.90524, 9.96, 9.96, 0, 0, 9.96, 616.75, 31.344, 3, "updated  annual"
117.08976000000003, 9.96, 9.96, 0, 0, 9.96, 687.7, 31.344, 3, "ly  from  publicly  available "
49.45140000000001, 9.96, 9.96, 0, 0, 9.96, 43.68, 19.8, 3, "information"
2.7688800000000007, 9.96, 9.96, 0, 0, 9.96, 93.12, 19.8, 3, " "
26.563320000000004, 9.96, 9.96, 0, 0, 9.96, 95.904, 19.8, 3, "and is"
2.7688800000000007, 9.96, 9.96, 0, 0, 9.96, 122.54, 19.8, 3, " "
54.55092000000001, 9.96, 9.96, 0, 0, 9.96, 125.3, 19.8, 3, "provided as "
286.6089600000002, 9.96, 9.96, 0, 0, 9.96, 179.9, 19.8, 3, "an informational resource only for parents and carers. This list is "
55.54692000000001, 9.96, 9.96, 0, 0, 9.96, 466.73, 19.8, 3, "current as at"
2.7688800000000007, 9.96, 9.96, 0, 0, 9.96, 522.43, 19.8, 3, " "
49.411560000000016, 9.96, 9.96, 0, 0, 9.96, 525.19, 19.8, 3, "June 2015."
2.7688800000000007, 9.96, 9.96, 0, 0, 9.96, 574.75, 19.8, 3, " "
2.7688800000000007, 9.96, 9.96, 0, 0, 9.96, 576.07, 19.8, 3, " "
2.7688800000000007, 9.96, 9.96, 0, 0, 9.96, 612.07, 19.8, 3, " "
2.7688800000000007, 9.96, 9.96, 0, 0, 9.96, 648.07, 19.8, 3, " "
2.7688800000000007, 9.96, 9.96, 0, 0, 9.96, 684.1, 19.8, 3, " "
2.7688800000000007, 9.96, 9.96, 0, 0, 9.96, 720.1, 19.8, 3, " "
2.7688800000000007, 9.96, 9.96, 0, 0, 9.96, 756.1, 19.8, 3, "["
5.537760000000001, 9.96, 9.96, 0, 0, 9.96, 758.86, 19.8, 3, "4"
2.7688800000000007, 9.96, 9.96, 0, 0, 9.96, 764.38, 19.8, 3, "]"
2.7688800000000007, 9.96, 9.96, 0, 0, 9.96, 767.26, 19.8, 3, " "
90.02016, 11.04, 11.04, 0, 0, 11.04, 32.64, 546.48, 3, "Perth Paediatrics"
3.06912, 11.04, 11.04, 0, 0, 11.04, 122.54, 546.48, 3, " "
91.10208, 11.04, 11.04, 0, 0, 11.04, 32.64, 533.64, 3, "Suite 5/2 McCourt "
29.454720000000002, 11.04, 11.04, 0, 0, 11.04, 32.64, 521.02, 3, "Street"
3.06912, 11.04, 11.04, 0, 0, 11.04, 62.04, 521.02, 3, " "
87.35952, 11.04, 11.04, 0, 0, 11.04, 32.64, 508.3, 3, "West Leederville, "
20.931839999999994, 11.04, 11.04, 0, 0, 11.04, 32.64, 495.7, 3, "WA "
3.06912, 11.04, 11.04, 0, 0, 11.04, 53.4, 495.7, 3, " "
24.480159999999998, 11.04, 11.04, 0, 0, 11.04, 32.64, 483.1, 3, "6007"
3.06912, 11.04, 11.04, 0, 0, 11.04, 57.12, 483.1, 3, " "
3.06912, 11.04, 11.04, 0, 0, 11.04, 32.64, 470.5, 3, " "
47.06352, 11.04, 11.04, 0, 0, 11.04, 138.98, 546.36, 3, "JUDKINS"
6.24004, 11.04, 11.04, 0, 0, 11.04, 186.02, 546.36, 3, ", "
31.15488, 11.04, 11.04, 0, 0, 11.04, 192.26, 546.36, 3, "Aggie "
3.06912, 11.04, 11.04, 0, 0, 11.04, 223.34, 546.36, 3, " "
3.06912, 11.04, 11.04, 0, 0, 11.04, 138.98, 533.64, 3, " "
34.87536, 11.04, 11.04, 0, 0, 11.04, 259.34, 546.36, 3, "Phone:"
3.06912, 11.04, 11.04, 0, 0, 11.04, 294.29, 546.36, 3, " "
24.480159999999998, 11.04, 11.04, 0, 0, 11.04, 301.73, 546.36, 3, "6162"
3.06912, 11.04, 11.04, 0, 0, 11.04, 326.21, 546.36, 3, " "
24.480159999999998, 11.04, 11.04, 0, 0, 11.04, 329.33, 546.36, 3, "1615"
3.06912, 11.04, 11.04, 0, 0, 11.04, 353.69, 546.36, 3, " "
24.33216, 11.04, 11.04, 0, 0, 11.04, 486.07, 546.48, 3, "Age:"
3.06912, 11.04, 11.04, 0, 0, 11.04, 510.43, 546.48, 3, " "
42.34944, 11.04, 11.04, 0, 0, 11.04, 513.55, 546.48, 3, "Infants 0"
3.67632, 11.04, 11.04, 0, 0, 11.04, 555.79, 546.48, 3, "-"
3.06912, 11.04, 11.04, 0, 0, 11.04, 559.51, 546.48, 3, " "
56.09423999999999, 11.04, 11.04, 0, 0, 11.04, 562.63, 546.48, 3, "2 years, chi"
33.727199999999996, 11.04, 11.04, 0, 0, 11.04, 618.67, 546.48, 3, "ldren 2"
3.67632, 11.04, 11.04, 0, 0, 11.04, 652.39, 546.48, 3, "-"
89.86559999999997, 11.04, 11.04, 0, 0, 11.04, 656.11, 546.48, 3, "5 years, children 5"
3.67632, 11.04, 11.04, 0, 0, 11.04, 746.02, 546.48, 3, "-"
15.19104, 11.04, 11.04, 0, 0, 11.04, 749.74, 546.48, 3, "12 "
5.52, 11.04, 11.04, 0, 0, 11.04, 764.98, 546.48, 3, "y"
21.4728, 11.04, 11.04, 0, 0, 11.04, 770.38, 546.48, 3, "ears"
3.06912, 11.04, 11.04, 0, 0, 11.04, 791.86, 546.48, 3, " "
3.06912, 11.04, 11.04, 0, 0, 11.04, 794.86, 546.48, 3, " "
35.35008, 11.04, 11.04, 0, 0, 11.04, 259.34, 530.86, 3, "Mobile:"
3.06912, 11.04, 11.04, 0, 0, 11.04, 294.89, 530.86, 3, " "
3.06912, 11.04, 11.04, 0, 0, 11.04, 301.73, 530.86, 3, " "
98.48784, 11.04, 11.04, 0, 0, 11.04, 486.07, 530.98, 3, "Services provided:"
3.06912, 11.04, 11.04, 0, 0, 11.04, 584.59, 530.98, 3, " "
159.56112, 11.04, 11.04, 0, 0, 11.04, 587.59, 530.98, 3, "General Paediatric Assessments"
3.06912, 11.04, 11.04, 0, 0, 11.04, 747.1, 530.98, 3, " "
35.118000000000016, 9, 9, 0, 0, 9, 259.34, 487.06, 3, "Website:"
3.06912, 11.04, 11.04, 0, 0, 11.04, 294.41, 487.06, 3, " "
174.84047999999999, 11.04, 11.04, 0, 0, 11.04, 301.73, 485.26, 3, "http://www.perthpaediatrics.com.au/"
3.06912, 11.04, 11.04, 0, 0, 11.04, 476.71, 485.26, 3, " "
3.06912, 11.04, 11.04, 0, 0, 11.04, 479.71, 485.26, 3, " "
80.22767999999999, 11.04, 11.04, 0, 0, 11.04, 486.07, 485.38, 3, "Other services:"
3.06912, 11.04, 11.04, 0, 0, 11.04, 566.23, 485.38, 3, " "
162.47567999999998, 11.04, 11.04, 0, 0, 11.04, 569.35, 485.38, 3, "Multidisciplinary Paediatric Clinic "
254.31744, 11.04, 11.04, 0, 0, 11.04, 486.07, 472.54, 3, "(Gastroenterologist and Hepatologist, Neurologist, P"
44.700959999999995, 11.04, 11.04, 0, 0, 11.04, 740.5, 472.54, 3, "aediatric "
112.50864, 11.04, 11.04, 0, 0, 11.04, 486.07, 459.94, 3, "Surgeon, Respiratory s"
159.61631999999997, 11.04, 11.04, 0, 0, 11.04, 598.63, 459.94, 3, "pecialist, Cardiologist, Dietitian). "
48.951359999999994, 11.04, 11.04, 0, 0, 11.04, 758.38, 459.94, 3, "Paediatric"
3.06912, 11.04, 11.04, 0, 0, 11.04, 807.22, 459.94, 3, " "
166.3728, 11.04, 11.04, 0, 0, 11.04, 486.07, 447.22, 3, "endoscopy services, Sleep study, "
48.951359999999994, 11.04, 11.04, 0, 0, 11.04, 652.51, 447.22, 3, "Paediatric"
3.06912, 11.04, 11.04, 0, 0, 11.04, 701.5, 447.22, 3, " "
67.07903999999998, 11.04, 11.04, 0, 0, 11.04, 704.62, 447.22, 3, "EEG service, "
48.951359999999994, 11.04, 11.04, 0, 0, 11.04, 486.07, 434.62, 3, "Paediatric"
3.06912, 11.04, 11.04, 0, 0, 11.04, 535.03, 434.62, 3, " "
159.42864000000006, 11.04, 11.04, 0, 0, 11.04, 538.15, 434.62, 3, "ECHO and other complex issues"
3.06912, 11.04, 11.04, 0, 0, 11.04, 697.66, 434.62, 3, "."
3.06912, 11.04, 11.04, 0, 0, 11.04, 700.78, 434.62, 3, " "
3.06912, 11.04, 11.04, 0, 0, 11.04, 703.78, 434.62, 3, " "
30.53663999999999, 11.04, 11.04, 0, 0, 11.04, 259.34, 419.14, 3, "Email:"
3.06912, 11.04, 11.04, 0, 0, 11.04, 289.97, 419.14, 3, " "
164.13167999999996, 11.04, 11.04, 0, 0, 11.04, 301.73, 419.14, 3, "contact@perthpaediatrics.com.au"
3.06912, 11.04, 11.04, 0, 0, 11.04, 465.77, 419.14, 3, " "
3.06912, 11.04, 11.04, 0, 0, 11.04, 468.77, 419.14, 3, " "
120.97632000000002, 11.04, 11.04, 0, 0, 11.04, 486.07, 419.26, 3, "Additional information:"
3.06912, 11.04, 11.04, 0, 0, 11.04, 607.03, 419.26, 3, " "
80.05104, 11.04, 11.04, 0, 0, 11.04, 610.15, 419.26, 3, "Areas of interest"
3.06912, 11.04, 11.04, 0, 0, 11.04, 690.22, 419.26, 3, " "
18.91152, 11.04, 11.04, 0, 0, 11.04, 693.34, 419.26, 3, "are "
26.816159999999996, 11.04, 11.04, 0, 0, 11.04, 712.3, 419.26, 3, "infant"
3.06912, 11.04, 11.04, 0, 0, 11.04, 739.18, 419.26, 3, " "
55.60848, 11.04, 11.04, 0, 0, 11.04, 742.3, 419.26, 3, "and parent "
326.4638399999999, 11.04, 11.04, 0, 0, 11.04, 486.07, 406.42, 3, "mental health, unsettled babies, as well as the toddler, pre primary "
146.10335999999998, 11.04, 11.04, 0, 0, 11.04, 486.07, 393.79, 3, "and primary school aged child"
3.06912, 11.04, 11.04, 0, 0, 11.04, 632.23, 393.79, 3, "."
3.06912, 11.04, 11.04, 0, 0, 11.04, 635.35, 393.79, 3, " "
167.3664, 11.04, 11.04, 0, 0, 11.04, 638.35, 393.79, 3, "Online referral form is available at "
144.45839999999998, 11.04, 11.04, 0, 0, 11.04, 486.07, 381.07, 3, "www.perthpaediatrics.com.au"
3.06912, 11.04, 11.04, 0, 0, 11.04, 630.43, 381.07, 3, "."
3.06912, 11.04, 11.04, 0, 0, 11.04, 633.55, 381.07, 3, " "
3.06912, 11.04, 11.04, 0, 0, 11.04, 636.55, 381.07, 3, " "
21.307199999999995, 11.04, 11.04, 0, 0, 11.04, 259.34, 365.59, 3, "Fax:"
3.06912, 11.04, 11.04, 0, 0, 11.04, 280.7, 365.59, 3, " "
52.11984, 11.04, 11.04, 0, 0, 11.04, 301.73, 365.59, 3, "9382 2637"
3.06912, 11.04, 11.04, 0, 0, 11.04, 353.69, 365.59, 3, " "
3.06912, 11.04, 11.04, 0, 0, 11.04, 486.07, 365.59, 3, " "
31.287360000000003, 11.04, 11.04, 0, 0, 11.04, 32.64, 349.75, 3, "Perth "
58.710719999999995, 11.04, 11.04, 0, 0, 11.04, 63.96, 349.75, 3, "Paediatrics"
3.06912, 11.04, 11.04, 0, 0, 11.04, 122.54, 349.75, 3, " "
91.10208, 11.04, 11.04, 0, 0, 11.04, 32.64, 337.03, 3, "Suite 5/2 McCourt "
29.454720000000002, 11.04, 11.04, 0, 0, 11.04, 32.64, 324.31, 3, "Street"
3.06912, 11.04, 11.04, 0, 0, 11.04, 62.04, 324.31, 3, " "
87.35952, 11.04, 11.04, 0, 0, 11.04, 32.64, 311.71, 3, "West Leederville, "
20.931839999999994, 11.04, 11.04, 0, 0, 11.04, 32.64, 298.99, 3, "WA "
3.06912, 11.04, 11.04, 0, 0, 11.04, 53.4, 298.99, 3, " "
24.480159999999998, 11.04, 11.04, 0, 0, 11.04, 32.64, 286.39, 3, "6007"
3.06912, 11.04, 11.04, 0, 0, 11.04, 57.12, 286.39, 3, " "
3.06912, 11.04, 11.04, 0, 0, 11.04, 32.64, 273.77, 3, " "
3.06912, 11.04, 11.04, 0, 0, 11.04, 35.64, 273.77, 3, " "
59.40624, 11.04, 11.04, 0, 0, 11.04, 138.98, 349.63, 3, "PANOTIDIS"
6.000039999999999, 11.04, 11.04, 0, 0, 11.04, 198.38, 349.63, 3, ", "
26.816159999999996, 11.04, 11.04, 0, 0, 11.04, 204.5, 349.63, 3, "Nikki "
3.06912, 11.04, 11.04, 0, 0, 11.04, 231.26, 349.63, 3, " "
3.06912, 11.04, 11.04, 0, 0, 11.04, 138.98, 337.03, 3, " "
3.06912, 11.04, 11.04, 0, 0, 11.04, 138.98, 324.31, 3, " "
3.06912, 11.04, 11.04, 0, 0, 11.04, 141.98, 324.31, 3, " "
3.06912, 11.04, 11.04, 0, 0, 11.04, 138.98, 311.71, 3, " "
3.06912, 11.04, 11.04, 0, 0, 11.04, 141.98, 311.71, 3, " "
3.06912, 11.04, 11.04, 0, 0, 11.04, 138.98, 298.99, 3, " "
3.06912, 11.04, 11.04, 0, 0, 11.04, 141.98, 298.99, 3, " "
3.06912, 11.04, 11.04, 0, 0, 11.04, 138.98, 286.39, 3, " "
3.06912, 11.04, 11.04, 0, 0, 11.04, 141.98, 286.39, 3, " "
34.87536, 11.04, 11.04, 0, 0, 11.04, 259.34, 349.63, 3, "Phone:"
3.06912, 11.04, 11.04, 0, 0, 11.04, 294.29, 349.63, 3, " "
24.480159999999998, 11.04, 11.04, 0, 0, 11.04, 301.73, 349.63, 3, "6162"
3.06912, 11.04, 11.04, 0, 0, 11.04, 326.21, 349.63, 3, " "
24.480159999999998, 11.04, 11.04, 0, 0, 11.04, 329.33, 349.63, 3, "1615"
3.06912, 11.04, 11.04, 0, 0, 11.04, 353.69, 349.63, 3, " "
24.33216, 11.04, 11.04, 0, 0, 11.04, 486.07, 349.75, 3, "Age:"
3.06912, 11.04, 11.04, 0, 0, 11.04, 510.43, 349.75, 3, " "
42.34944, 11.04, 11.04, 0, 0, 11.04, 513.55, 349.75, 3, "Infants 0"
3.67632, 11.04, 11.04, 0, 0, 11.04, 555.79, 349.75, 3, "-"
3.06912, 11.04, 11.04, 0, 0, 11.04, 559.51, 349.75, 3, " "
56.09423999999999, 11.04, 11.04, 0, 0, 11.04, 562.63, 349.75, 3, "2 years, chi"
33.727199999999996, 11.04, 11.04, 0, 0, 11.04, 618.67, 349.75, 3, "ldren 2"
3.67632, 11.04, 11.04, 0, 0, 11.04, 652.39, 349.75, 3, "-"
89.86559999999997, 11.04, 11.04, 0, 0, 11.04, 656.11, 349.75, 3, "5 years, children 5"
3.67632, 11.04, 11.04, 0, 0, 11.04, 746.02, 349.75, 3, "-"
15.19104, 11.04, 11.04, 0, 0, 11.04, 749.74, 349.75, 3, "12 "
5.52, 11.04, 11.04, 0, 0, 11.04, 764.98, 349.75, 3, "y"
21.4728, 11.04, 11.04, 0, 0, 11.04, 770.38, 349.75, 3, "ears"
3.06912, 11.04, 11.04, 0, 0, 11.04, 791.86, 349.75, 3, ","
3.06912, 11.04, 11.04, 0, 0, 11.04, 794.98, 349.75, 3, " "
58.776959999999995, 11.04, 11.04, 0, 0, 11.04, 486.07, 337.03, 3, "adolescents"
3.06912, 11.04, 11.04, 0, 0, 11.04, 544.75, 337.03, 3, " "
35.35008, 11.04, 11.04, 0, 0, 11.04, 259.34, 321.43, 3, "Mobile:"
3.06912, 11.04, 11.04, 0, 0, 11.04, 294.89, 321.43, 3, " "
3.06912, 11.04, 11.04, 0, 0, 11.04, 301.73, 321.43, 3, " "
98.48784, 11.04, 11.04, 0, 0, 11.04, 486.07, 321.55, 3, "Services provided:"
3.06912, 11.04, 11.04, 0, 0, 11.04, 584.59, 321.55, 3, " "
181.5528, 11.04, 11.04, 0, 0, 11.04, 587.71, 321.55, 3, "Autism assessments, developmental "
29.222880000000004, 11.04, 11.04, 0, 0, 11.04, 769.42, 321.55, 3, "delay "
280.53743999999995, 11.04, 11.04, 0, 0, 11.04, 486.07, 308.83, 3, "assessments, developmental challenges/concerns/delay, "
329.6212799999999, 11.04, 11.04, 0, 0, 11.04, 486.07, 296.23, 3, "behavioural challenges/concerns, attention, learning and behaviour "
45.330239999999996, 11.04, 11.04, 0, 0, 11.04, 486.07, 283.51, 3, "problems"
3.06912, 11.04, 11.04, 0, 0, 11.04, 531.31, 283.51, 3, " "
35.118000000000016, 9, 9, 0, 0, 9, 259.34, 269.81, 3, "Website:"
3.06912, 11.04, 11.04, 0, 0, 11.04, 294.41, 269.81, 3, " "
174.84047999999999, 11.04, 11.04, 0, 0, 11.04, 301.73, 268.01, 3, "http://www.perthpaediatrics.com.au/"
3.06912, 11.04, 11.04, 0, 0, 11.04, 476.71, 268.01, 3, " "
3.06912, 11.04, 11.04, 0, 0, 11.04, 479.71, 268.01, 3, " "
80.22767999999999, 11.04, 11.04, 0, 0, 11.04, 486.07, 268.13, 3, "Other services:"
3.06912, 11.04, 11.04, 0, 0, 11.04, 566.23, 268.13, 3, " "
162.47567999999998, 11.04, 11.04, 0, 0, 11.04, 569.35, 268.13, 3, "Multidisciplinary Paediatric Clinic "
298.97423999999995, 11.04, 11.04, 0, 0, 11.04, 486.07, 255.41, 3, "(Gastroenterologist and Hepatologist, Neurologist, Paediatric "
272.12496000000004, 11.04, 11.04, 0, 0, 11.04, 486.07, 242.69, 3, "Surgeon, Respiratory specialist, Cardiologist, Dietitian). "
48.951359999999994, 11.04, 11.04, 0, 0, 11.04, 758.38, 242.69, 3, "Paediatric"
3.06912, 11.04, 11.04, 0, 0, 11.04, 807.22, 242.69, 3, " "
166.3728, 11.04, 11.04, 0, 0, 11.04, 486.07, 230.09, 3, "endoscopy services, Sleep study, "
48.951359999999994, 11.04, 11.04, 0, 0, 11.04, 652.51, 230.09, 3, "Paediatric"
3.06912, 11.04, 11.04, 0, 0, 11.04, 701.5, 230.09, 3, " "
67.07903999999998, 11.04, 11.04, 0, 0, 11.04, 704.62, 230.09, 3, "EEG service, "
48.951359999999994, 11.04, 11.04, 0, 0, 11.04, 486.07, 217.37, 3, "Paediatric"
3.06912, 11.04, 11.04, 0, 0, 11.04, 535.03, 217.37, 3, " "
113.66784000000001, 11.04, 11.04, 0, 0, 11.04, 538.15, 217.37, 3, "ECHO and other compl"
48.89616, 11.04, 11.04, 0, 0, 11.04, 651.79, 217.37, 3, "ex issues "
3.06912, 11.04, 11.04, 0, 0, 11.04, 700.66, 217.37, 3, " "
30.53663999999999, 11.04, 11.04, 0, 0, 11.04, 259.34, 201.89, 3, "Email:"
3.06912, 11.04, 11.04, 0, 0, 11.04, 289.97, 201.89, 3, " "
164.13167999999996, 11.04, 11.04, 0, 0, 11.04, 301.73, 201.89, 3, "contact@perthpaediatrics.com.au"
3.06912, 11.04, 11.04, 0, 0, 11.04, 465.77, 201.89, 3, " "
3.06912, 11.04, 11.04, 0, 0, 11.04, 468.77, 201.89, 3, " "
120.97632000000002, 11.04, 11.04, 0, 0, 11.04, 486.07, 202.01, 3, "Additional information:"
3.06912, 11.04, 11.04, 0, 0, 11.04, 607.03, 202.01, 3, " "
167.34431999999995, 11.04, 11.04, 0, 0, 11.04, 610.15, 202.01, 3, "Online referral form is available at "
144.45839999999998, 11.04, 11.04, 0, 0, 11.04, 486.07, 189.29, 3, "www.perthpaediatrics.com.au"
3.06912, 11.04, 11.04, 0, 0, 11.04, 630.43, 189.29, 3, " "
21.307199999999995, 11.04, 11.04, 0, 0, 11.04, 259.34, 173.81, 3, "Fax:"
3.06912, 11.04, 11.04, 0, 0, 11.04, 280.7, 173.81, 3, " "
52.11984, 11.04, 11.04, 0, 0, 11.04, 301.73, 173.81, 3, "9382 2637"
3.06912, 11.04, 11.04, 0, 0, 11.04, 353.69, 173.81, 3, " "
3.06912, 11.04, 11.04, 0, 0, 11.04, 486.07, 173.81, 3, " "
2.49504, 11.04, 11.04, 0, 0, 11.04, 72, 159.89, 3, " "
2.49504, 11.04, 11.04, 0, 0, 11.04, 216.02, 159.89, 3, " "
402.81228000000004, 9.96, 9.96, 0, 0, 9.96, 43.68, 31.344, 4, "Inclusion  on  this  list  is  not  a  recommendation  by  the  Child  Development  Service  or  th"
164.79815999999997, 9.96, 9.96, 0, 0, 9.96, 446.93, 31.344, 4, "e  Department  of  Health.  This  list  is"
2.7688800000000007, 9.96, 9.96, 0, 0, 9.96, 611.95, 31.344, 4, " "
70.90524, 9.96, 9.96, 0, 0, 9.96, 616.75, 31.344, 4, "updated  annual"
117.08976000000003, 9.96, 9.96, 0, 0, 9.96, 687.7, 31.344, 4, "ly  from  publicly  available "
49.45140000000001, 9.96, 9.96, 0, 0, 9.96, 43.68, 19.8, 4, "information"
2.7688800000000007, 9.96, 9.96, 0, 0, 9.96, 93.12, 19.8, 4, " "
26.563320000000004, 9.96, 9.96, 0, 0, 9.96, 95.904, 19.8, 4, "and is"
2.7688800000000007, 9.96, 9.96, 0, 0, 9.96, 122.54, 19.8, 4, " "
54.55092000000001, 9.96, 9.96, 0, 0, 9.96, 125.3, 19.8, 4, "provided as "
286.6089600000002, 9.96, 9.96, 0, 0, 9.96, 179.9, 19.8, 4, "an informational resource only for parents and carers. This list is "
55.54692000000001, 9.96, 9.96, 0, 0, 9.96, 466.73, 19.8, 4, "current as at"
2.7688800000000007, 9.96, 9.96, 0, 0, 9.96, 522.43, 19.8, 4, " "
49.411560000000016, 9.96, 9.96, 0, 0, 9.96, 525.19, 19.8, 4, "June 2015."
2.7688800000000007, 9.96, 9.96, 0, 0, 9.96, 574.75, 19.8, 4, " "
2.7688800000000007, 9.96, 9.96, 0, 0, 9.96, 576.07, 19.8, 4, " "
2.7688800000000007, 9.96, 9.96, 0, 0, 9.96, 612.07, 19.8, 4, " "
2.7688800000000007, 9.96, 9.96, 0, 0, 9.96, 648.07, 19.8, 4, " "
2.7688800000000007, 9.96, 9.96, 0, 0, 9.96, 684.1, 19.8, 4, " "
2.7688800000000007, 9.96, 9.96, 0, 0, 9.96, 720.1, 19.8, 4, " "
2.7688800000000007, 9.96, 9.96, 0, 0, 9.96, 756.1, 19.8, 4, "["
5.537760000000001, 9.96, 9.96, 0, 0, 9.96, 758.86, 19.8, 4, "3"
2.7688800000000007, 9.96, 9.96, 0, 0, 9.96, 764.38, 19.8, 4, "]"
2.7688800000000007, 9.96, 9.96, 0, 0, 9.96, 767.26, 19.8, 4, " "
81.98303999999999, 11.04, 11.04, 0, 0, 11.04, 32.64, 546.48, 4, "McCourt Street "
58.82111999999999, 11.04, 11.04, 0, 0, 11.04, 32.64, 533.76, 4, "Paediatrics"
3.06912, 11.04, 11.04, 0, 0, 11.04, 91.32, 533.76, 4, " "
97.22927999999999, 11.04, 11.04, 0, 0, 11.04, 32.64, 521.02, 4, "Suite 8/10 McCourt "
32.4576, 11.04, 11.04, 0, 0, 11.04, 32.64, 508.3, 4, "Street "
3.06912, 11.04, 11.04, 0, 0, 11.04, 65.04, 508.3, 4, " "
34.87535999999999, 11.04, 11.04, 0, 0, 11.04, 32.64, 495.7, 4, "WEST "
94.93296000000001, 11.04, 11.04, 0, 0, 11.04, 32.64, 483.1, 4, "LEEDERVILLE WA"
3.06912, 11.04, 11.04, 0, 0, 11.04, 127.46, 483.1, 4, " "
24.480159999999998, 11.04, 11.04, 0, 0, 11.04, 32.64, 470.38, 4, "6007"
3.06912, 11.04, 11.04, 0, 0, 11.04, 57.12, 470.38, 4, " "
95.98176000000001, 11.04, 11.04, 0, 0, 11.04, 138.98, 546.36, 4, "CHADWICK, Lynda"
3.06912, 11.04, 11.04, 0, 0, 11.04, 234.98, 546.36, 4, " "
3.06912, 11.04, 11.04, 0, 0, 11.04, 138.98, 533.64, 4, " "
34.87536, 11.04, 11.04, 0, 0, 11.04, 259.34, 546.36, 4, "Phone:"
3.06912, 11.04, 11.04, 0, 0, 11.04, 294.29, 546.36, 4, " "
52.11984, 11.04, 11.04, 0, 0, 11.04, 301.73, 546.36, 4, "9380 6055"
3.06912, 11.04, 11.04, 0, 0, 11.04, 353.69, 546.36, 4, " "
24.33216, 11.04, 11.04, 0, 0, 11.04, 486.07, 546.48, 4, "Age:"
3.06912, 11.04, 11.04, 0, 0, 11.04, 510.43, 546.48, 4, " "
42.34944, 11.04, 11.04, 0, 0, 11.04, 513.55, 546.48, 4, "Infants 0"
3.67632, 11.04, 11.04, 0, 0, 11.04, 555.79, 546.48, 4, "-"
3.06912, 11.04, 11.04, 0, 0, 11.04, 559.51, 546.48, 4, " "
89.75519999999997, 11.04, 11.04, 0, 0, 11.04, 562.63, 546.48, 4, "2 years, children 2"
3.67632, 11.04, 11.04, 0, 0, 11.04, 652.39, 546.48, 4, "-"
89.86559999999997, 11.04, 11.04, 0, 0, 11.04, 656.11, 546.48, 4, "5 years, children 5"
3.67632, 11.04, 11.04, 0, 0, 11.04, 746.02, 546.48, 4, "-"
15.19104, 11.04, 11.04, 0, 0, 11.04, 749.74, 546.48, 4, "12 "
5.52, 11.04, 11.04, 0, 0, 11.04, 764.98, 546.48, 4, "y"
21.4728, 11.04, 11.04, 0, 0, 11.04, 770.38, 546.48, 4, "ears"
3.06912, 11.04, 11.04, 0, 0, 11.04, 791.86, 546.48, 4, " "
35.35008, 11.04, 11.04, 0, 0, 11.04, 259.34, 530.86, 4, "Mobile:"
3.06912, 11.04, 11.04, 0, 0, 11.04, 294.89, 530.86, 4, " "
3.06912, 11.04, 11.04, 0, 0, 11.04, 301.73, 530.86, 4, " "
98.48784, 11.04, 11.04, 0, 0, 11.04, 486.07, 530.98, 4, "Services provided:"
3.06912, 11.04, 11.04, 0, 0, 11.04, 584.59, 530.98, 4, " "
209.62751999999998, 11.04, 11.04, 0, 0, 11.04, 587.71, 530.98, 4, "autism assessments, developmental delay "
291.59952, 11.04, 11.04, 0, 0, 11.04, 486.07, 518.14, 4, "assessments, genetic disorders/syndromes, developmental "
302.1537599999999, 11.04, 11.04, 0, 0, 11.04, 486.07, 505.54, 4, "challenges/concerns/delay, behavioural challenges/concerns, "
208.60080000000002, 11.04, 11.04, 0, 0, 11.04, 486.07, 492.82, 4, "attention, learning and behaviour problems"
3.06912, 11.04, 11.04, 0, 0, 11.04, 694.66, 492.82, 4, " "
35.118000000000016, 9, 9, 0, 0, 9, 259.34, 479.14, 4, "Website:"
3.06912, 11.04, 11.04, 0, 0, 11.04, 294.41, 479.14, 4, " "
176.60687999999996, 11.04, 11.04, 0, 0, 11.04, 301.73, 477.34, 4, "http://mccourtstreetpaediatrics.weeb"
34.831199999999995, 11.04, 11.04, 0, 0, 11.04, 301.73, 464.74, 4, "ly.com/"
3.06912, 11.04, 11.04, 0, 0, 11.04, 336.65, 464.74, 4, " "
3.06912, 11.04, 11.04, 0, 0, 11.04, 339.65, 464.74, 4, " "
80.22767999999999, 11.04, 11.04, 0, 0, 11.04, 486.07, 477.46, 4, "Other services:"
3.06912, 11.04, 11.04, 0, 0, 11.04, 566.23, 477.46, 4, " "
30.53663999999999, 11.04, 11.04, 0, 0, 11.04, 259.34, 449.26, 4, "Email:"
3.06912, 11.04, 11.04, 0, 0, 11.04, 289.97, 449.26, 4, " "
164.68367999999998, 11.04, 11.04, 0, 0, 11.04, 301.73, 449.26, 4, "mccourtstreet.paed@hotmail.com"
3.06912, 11.04, 11.04, 0, 0, 11.04, 466.37, 449.26, 4, " "
3.06912, 11.04, 11.04, 0, 0, 11.04, 469.37, 449.26, 4, " "
120.97632000000002, 11.04, 11.04, 0, 0, 11.04, 486.07, 449.38, 4, "Additional information:"
3.06912, 11.04, 11.04, 0, 0, 11.04, 607.03, 449.38, 4, " "
21.307199999999995, 11.04, 11.04, 0, 0, 11.04, 259.34, 433.66, 4, "Fax:"
3.06912, 11.04, 11.04, 0, 0, 11.04, 280.7, 433.66, 4, " "
52.11984, 11.04, 11.04, 0, 0, 11.04, 301.73, 433.66, 4, "9380 6917"
3.06912, 11.04, 11.04, 0, 0, 11.04, 353.69, 433.66, 4, " "
3.06912, 11.04, 11.04, 0, 0, 11.04, 486.07, 433.66, 4, " "
81.35376000000001, 11.04, 11.04, 0, 0, 11.04, 32.64, 417.82, 4, "Dr Mark Parker "
89.21423999999999, 11.04, 11.04, 0, 0, 11.04, 32.64, 405.22, 4, "(Comprehensive "
72.19055999999999, 11.04, 11.04, 0, 0, 11.04, 32.64, 392.47, 4, "Learning and "
96.6, 11.04, 11.04, 0, 0, 11.04, 32.64, 379.87, 4, "Attention Support "
42.183840000000004, 11.04, 11.04, 0, 0, 11.04, 32.64, 367.15, 4, "Service "
63.61247999999999, 11.04, 11.04, 0, 0, 11.04, 32.64, 354.55, 4, "(C.L.A.S.S.))"
3.06912, 11.04, 11.04, 0, 0, 11.04, 96.264, 354.55, 4, " "
91.12416000000002, 11.04, 11.04, 0, 0, 11.04, 32.64, 341.83, 4, "Suite 4, Level 1, 2 "
74.15567999999999, 11.04, 11.04, 0, 0, 11.04, 32.64, 329.11, 4, "Ellesmere road"
3.06912, 11.04, 11.04, 0, 0, 11.04, 106.7, 329.11, 4, " "
91.10208, 11.04, 11.04, 0, 0, 11.04, 32.64, 316.51, 4, "MOUNT LAWLEY "
18.30144, 11.04, 11.04, 0, 0, 11.04, 32.64, 303.79, 4, "WA"
3.06912, 11.04, 11.04, 0, 0, 11.04, 50.4, 303.79, 4, " "
24.480159999999998, 11.04, 11.04, 0, 0, 11.04, 32.64, 291.19, 4, "6050"
3.06912, 11.04, 11.04, 0, 0, 11.04, 57.12, 291.19, 4, " "
75.66815999999999, 11.04, 11.04, 0, 0, 11.04, 138.98, 417.7, 4, "PARKER, Mark"
3.06912, 11.04, 11.04, 0, 0, 11.04, 214.82, 417.7, 4, " "
3.06912, 11.04, 11.04, 0, 0, 11.04, 138.98, 405.07, 4, " "
3.06912, 11.04, 11.04, 0, 0, 11.04, 141.98, 405.07, 4, " "
3.06912, 11.04, 11.04, 0, 0, 11.04, 138.98, 392.35, 4, " "
3.06912, 11.04, 11.04, 0, 0, 11.04, 141.98, 392.35, 4, " "
3.06912, 11.04, 11.04, 0, 0, 11.04, 138.98, 379.75, 4, " "
3.06912, 11.04, 11.04, 0, 0, 11.04, 141.98, 379.75, 4, " "
3.06912, 11.04, 11.04, 0, 0, 11.04, 138.98, 367.03, 4, " "
3.06912, 11.04, 11.04, 0, 0, 11.04, 141.98, 367.03, 4, " "
34.87536, 11.04, 11.04, 0, 0, 11.04, 259.34, 417.7, 4, "Phone:"
3.06912, 11.04, 11.04, 0, 0, 11.04, 294.29, 417.7, 4, " "
52.11984, 11.04, 11.04, 0, 0, 11.04, 301.73, 417.7, 4, "9370 9840"
3.06912, 11.04, 11.04, 0, 0, 11.04, 353.69, 417.7, 4, " "
24.33216, 11.04, 11.04, 0, 0, 11.04, 486.07, 417.82, 4, "Age:"
3.06912, 11.04, 11.04, 0, 0, 11.04, 510.43, 417.82, 4, " "
42.34944, 11.04, 11.04, 0, 0, 11.04, 513.55, 417.82, 4, "Infants 0"
3.67632, 11.04, 11.04, 0, 0, 11.04, 555.79, 417.82, 4, "-"
3.06912, 11.04, 11.04, 0, 0, 11.04, 559.51, 417.82, 4, " "
53.643359999999994, 11.04, 11.04, 0, 0, 11.04, 562.63, 417.82, 4, "2 years, ch"
36.122879999999995, 11.04, 11.04, 0, 0, 11.04, 616.27, 417.82, 4, "ildren 2"
3.67632, 11.04, 11.04, 0, 0, 11.04, 652.39, 417.82, 4, "-"
89.86559999999997, 11.04, 11.04, 0, 0, 11.04, 656.11, 417.82, 4, "5 years, children 5"
3.67632, 11.04, 11.04, 0, 0, 11.04, 746.02, 417.82, 4, "-"
12.240079999999999, 11.04, 11.04, 0, 0, 11.04, 749.74, 417.82, 4, "12"
3.06912, 11.04, 11.04, 0, 0, 11.04, 761.86, 417.82, 4, " "
5.52, 11.04, 11.04, 0, 0, 11.04, 764.98, 417.82, 4, "y"
21.4728, 11.04, 11.04, 0, 0, 11.04, 770.38, 417.82, 4, "ears"
3.06912, 11.04, 11.04, 0, 0, 11.04, 791.86, 417.82, 4, ","
3.06912, 11.04, 11.04, 0, 0, 11.04, 794.98, 417.82, 4, " "
58.776959999999995, 11.04, 11.04, 0, 0, 11.04, 486.07, 405.07, 4, "adolescents"
3.06912, 11.04, 11.04, 0, 0, 11.04, 544.75, 405.07, 4, " "
35.35008, 11.04, 11.04, 0, 0, 11.04, 259.34, 389.59, 4, "Mobile:"
3.06912, 11.04, 11.04, 0, 0, 11.04, 294.89, 389.59, 4, " "
3.06912, 11.04, 11.04, 0, 0, 11.04, 301.73, 389.59, 4, " "
98.48784, 11.04, 11.04, 0, 0, 11.04, 486.07, 389.71, 4, "Services provided:"
3.06912, 11.04, 11.04, 0, 0, 11.04, 584.59, 389.71, 4, " "
210.81984, 11.04, 11.04, 0, 0, 11.04, 587.71, 389.71, 4, "Autism assessments, developmental delay "
291.59952, 11.04, 11.04, 0, 0, 11.04, 486.07, 376.87, 4, "assessments, genetic disorders/syndromes, developmental "
195.6288, 11.04, 11.04, 0, 0, 11.04, 486.07, 364.27, 4, "challenges/concerns/delay, behavioural "
106.4808, 11.04, 11.04, 0, 0, 11.04, 681.82, 364.27, 4, "challenges/concerns, "
208.60080000000002, 11.04, 11.04, 0, 0, 11.04, 486.07, 351.55, 4, "attention, learning and behaviour problems"
3.06912, 11.04, 11.04, 0, 0, 11.04, 694.66, 351.55, 4, " "
35.118000000000016, 9, 9, 0, 0, 9, 259.34, 337.87, 4, "Website:"
3.06912, 11.04, 11.04, 0, 0, 11.04, 294.41, 337.87, 4, " "
3.06912, 11.04, 11.04, 0, 0, 11.04, 301.73, 336.07, 4, " "
80.22767999999999, 11.04, 11.04, 0, 0, 11.04, 486.07, 336.19, 4, "Other services:"
3.06912, 11.04, 11.04, 0, 0, 11.04, 566.23, 336.19, 4, " "
30.53663999999999, 11.04, 11.04, 0, 0, 11.04, 259.34, 320.59, 4, "Email:"
3.06912, 11.04, 11.04, 0, 0, 11.04, 289.97, 320.59, 4, " "
144.51359999999994, 11.04, 11.04, 0, 0, 11.04, 301.73, 320.59, 4, "parkermarkc@yahoo.com.au "
3.06912, 11.04, 11.04, 0, 0, 11.04, 446.21, 320.59, 4, " "
120.97632000000002, 11.04, 11.04, 0, 0, 11.04, 486.07, 320.71, 4, "Additional information:"
3.06912, 11.04, 11.04, 0, 0, 11.04, 607.03, 320.71, 4, " "
64.79375999999999, 11.04, 11.04, 0, 0, 11.04, 610.15, 320.71, 4, "Have comme"
116.09663999999995, 11.04, 11.04, 0, 0, 11.04, 674.98, 320.71, 4, "nced a Comprehensive "
54.50448, 11.04, 11.04, 0, 0, 11.04, 486.07, 307.99, 4, "Attention R"
263.38128000000006, 11.04, 11.04, 0, 0, 11.04, 540.55, 307.99, 4, "elated Assessment and support service employing an "
296.4791999999999, 11.04, 11.04, 0, 0, 11.04, 486.07, 295.27, 4, "Educational Psychologist and soon to incorporate a range of "
323.94671999999974, 11.04, 11.04, 0, 0, 11.04, 486.07, 282.67, 4, "services including Clinical Psychology, ADHD Coaching, Tutoring, "
170.70048, 11.04, 11.04, 0, 0, 11.04, 486.07, 269.93, 4, "educational assessment and more."
3.06912, 11.04, 11.04, 0, 0, 11.04, 656.71, 269.93, 4, " "
21.307199999999995, 11.04, 11.04, 0, 0, 11.04, 259.34, 254.45, 4, "Fax:"
3.06912, 11.04, 11.04, 0, 0, 11.04, 280.7, 254.45, 4, " "
52.11984, 11.04, 11.04, 0, 0, 11.04, 301.73, 254.45, 4, "9370 9678"
3.06912, 11.04, 11.04, 0, 0, 11.04, 353.69, 254.45, 4, " "
3.06912, 11.04, 11.04, 0, 0, 11.04, 486.07, 254.45, 4, " "
32.44656, 11.04, 11.04, 0, 0, 11.04, 32.64, 236.21, 4, "Paeds"
26.37456, 11.04, 11.04, 0, 0, 11.04, 65.04, 236.21, 4, "West"
3.06912, 11.04, 11.04, 0, 0, 11.04, 91.32, 236.21, 4, " "
66.06336, 11.04, 11.04, 0, 0, 11.04, 32.64, 223.49, 4, "14/4 Ventnor "
40.273920000000004, 11.04, 11.04, 0, 0, 11.04, 32.64, 210.77, 4, "Avenue "
3.06912, 11.04, 11.04, 0, 0, 11.04, 72.96, 210.77, 4, " "
93.1224, 11.04, 11.04, 0, 0, 11.04, 32.64, 198.17, 4, "WEST PERTH WA"
3.06912, 11.04, 11.04, 0, 0, 11.04, 125.54, 198.17, 4, " "
24.480159999999998, 11.04, 11.04, 0, 0, 11.04, 32.64, 185.57, 4, "6005"
3.06912, 11.04, 11.04, 0, 0, 11.04, 57.12, 185.57, 4, " "
84.99696000000002, 11.04, 11.04, 0, 0, 11.04, 138.98, 236.09, 4, "SRINIVAS JOIS, "
42.658559999999994, 11.04, 11.04, 0, 0, 11.04, 138.98, 223.49, 4, "Ravisha "
3.06912, 11.04, 11.04, 0, 0, 11.04, 181.82, 223.49, 4, " "
3.06912, 11.04, 11.04, 0, 0, 11.04, 138.98, 210.77, 4, " "
3.06912, 11.04, 11.04, 0, 0, 11.04, 141.98, 210.77, 4, " "
34.87536, 11.04, 11.04, 0, 0, 11.04, 259.34, 236.09, 4, "Phone:"
3.06912, 11.04, 11.04, 0, 0, 11.04, 294.29, 236.09, 4, " "
52.11984, 11.04, 11.04, 0, 0, 11.04, 301.73, 236.09, 4, "9321 9594"
3.06912, 11.04, 11.04, 0, 0, 11.04, 353.69, 236.09, 4, " "
24.33216, 11.04, 11.04, 0, 0, 11.04, 486.07, 236.21, 4, "Age:"
3.06912, 11.04, 11.04, 0, 0, 11.04, 510.43, 236.21, 4, " "
42.34944, 11.04, 11.04, 0, 0, 11.04, 513.55, 236.21, 4, "Infants 0"
3.67632, 11.04, 11.04, 0, 0, 11.04, 555.79, 236.21, 4, "-"
3.06912, 11.04, 11.04, 0, 0, 11.04, 559.51, 236.21, 4, " "
89.75519999999997, 11.04, 11.04, 0, 0, 11.04, 562.63, 236.21, 4, "2 years, children 2"
3.67632, 11.04, 11.04, 0, 0, 11.04, 652.39, 236.21, 4, "-"
35.97936, 11.04, 11.04, 0, 0, 11.04, 656.11, 236.21, 4, "5 years"
3.06912, 11.04, 11.04, 0, 0, 11.04, 692.14, 236.21, 4, " "
35.35008, 11.04, 11.04, 0, 0, 11.04, 259.34, 220.61, 4, "Mobile:"
3.06912, 11.04, 11.04, 0, 0, 11.04, 294.89, 220.61, 4, " "
3.06912, 11.04, 11.04, 0, 0, 11.04, 301.73, 220.61, 4, " "
98.48784, 11.04, 11.04, 0, 0, 11.04, 486.07, 220.73, 4, "Services provided:"
3.06912, 11.04, 11.04, 0, 0, 11.04, 584.59, 220.73, 4, " "
210.81984, 11.04, 11.04, 0, 0, 11.04, 587.71, 220.73, 4, "Autism assessments, developmental delay "
291.59952, 11.04, 11.04, 0, 0, 11.04, 486.07, 208.01, 4, "assessments, genetic disorders/syndromes, developmental "
296.10383999999993, 11.04, 11.04, 0, 0, 11.04, 486.07, 195.29, 4, "challenges/concerns/delay, behavioural challenges/concerns"
3.06912, 11.04, 11.04, 0, 0, 11.04, 782.14, 195.29, 4, " "
35.118000000000016, 9, 9, 0, 0, 9, 259.34, 181.61, 4, "Website:"
3.06912, 11.04, 11.04, 0, 0, 11.04, 294.41, 181.61, 4, " "
118.69104000000002, 11.04, 11.04, 0, 0, 11.04, 301.73, 179.81, 4, "www.paedswest.com.au"
3.06912, 11.04, 11.04, 0, 0, 11.04, 420.41, 179.81, 4, " "
3.06912, 11.04, 11.04, 0, 0, 11.04, 423.41, 179.81, 4, " "
83.19743999999999, 11.04, 11.04, 0, 0, 11.04, 486.07, 179.93, 4, "Other services: "
111.26111999999999, 11.04, 11.04, 0, 0, 11.04, 569.23, 179.93, 4, "Griffiths assessments. "
3.06912, 11.04, 11.04, 0, 0, 11.04, 680.5, 179.93, 4, " "
56.33712, 11.04, 11.04, 0, 0, 11.04, 486.07, 167.21, 4, "PaedsWest"
3.06912, 11.04, 11.04, 0, 0, 11.04, 542.35, 167.21, 4, " "
265.15872, 11.04, 11.04, 0, 0, 11.04, 545.47, 167.21, 4, "Clinic: EEG services (GPs can refer for EEG services "
268.40448, 11.04, 11.04, 0, 0, 11.04, 486.07, 154.49, 4, "without consultation from a paediatrician), neurological "
155.21136, 11.04, 11.04, 0, 0, 11.04, 486.07, 141.86, 4, "paediatrician services available."
3.06912, 11.04, 11.04, 0, 0, 11.04, 641.47, 141.86, 4, " "
30.53663999999999, 11.04, 11.04, 0, 0, 11.04, 259.34, 126.38, 4, "Email:"
3.06912, 11.04, 11.04, 0, 0, 11.04, 289.97, 126.38, 4, " "
148.34448, 11.04, 11.04, 0, 0, 11.04, 301.73, 126.38, 4, "reception@paedswest.com.au"
3.06912, 11.04, 11.04, 0, 0, 11.04, 449.93, 126.38, 4, " "
3.06912, 11.04, 11.04, 0, 0, 11.04, 452.93, 126.38, 4, " "
117.46560000000001, 11.04, 11.04, 0, 0, 11.04, 486.07, 126.5, 4, "Additional information"
6.592840000000001, 11.04, 11.04, 0, 0, 11.04, 603.43, 126.5, 4, ": "
170.38031999999998, 11.04, 11.04, 0, 0, 11.04, 610.15, 126.5, 4, "referrals up to 6 years. Dr Ravisha "
293.56464000000005, 11.04, 11.04, 0, 0, 11.04, 486.07, 113.66, 4, "Srinivas is a Consultant Neonatalist and also a General and "
143.0784, 11.04, 11.04, 0, 0, 11.04, 486.07, 101.06, 4, "Developmental Paediatrician."
3.06912, 11.04, 11.04, 0, 0, 11.04, 629.23, 101.06, 4, " "
21.307199999999995, 11.04, 11.04, 0, 0, 11.04, 259.34, 85.584, 4, "Fax:"
3.06912, 11.04, 11.04, 0, 0, 11.04, 280.7, 85.584, 4, " "
52.11984, 11.04, 11.04, 0, 0, 11.04, 301.73, 85.584, 4, "9321 0679"
3.06912, 11.04, 11.04, 0, 0, 11.04, 353.69, 85.584, 4, " "
3.06912, 11.04, 11.04, 0, 0, 11.04, 486.07, 85.584, 4, " "
2.49504, 11.04, 11.04, 0, 0, 11.04, 72, 69.264, 4, " "
2.49504, 11.04, 11.04, 0, 0, 11.04, 216.02, 69.264, 4, " "
402.81228000000004, 9.96, 9.96, 0, 0, 9.96, 43.68, 31.344, 5, "Inclusion  on  this  list  is  not  a  recommendation  by  the  Child  Development  Service  or  th"
164.79815999999997, 9.96, 9.96, 0, 0, 9.96, 446.93, 31.344, 5, "e  Department  of  Health.  This  list  is"
2.7688800000000007, 9.96, 9.96, 0, 0, 9.96, 611.95, 31.344, 5, " "
70.90524, 9.96, 9.96, 0, 0, 9.96, 616.75, 31.344, 5, "updated  annual"
117.08976000000003, 9.96, 9.96, 0, 0, 9.96, 687.7, 31.344, 5, "ly  from  publicly  available "
49.45140000000001, 9.96, 9.96, 0, 0, 9.96, 43.68, 19.8, 5, "information"
2.7688800000000007, 9.96, 9.96, 0, 0, 9.96, 93.12, 19.8, 5, " "
26.563320000000004, 9.96, 9.96, 0, 0, 9.96, 95.904, 19.8, 5, "and is"
2.7688800000000007, 9.96, 9.96, 0, 0, 9.96, 122.54, 19.8, 5, " "
54.55092000000001, 9.96, 9.96, 0, 0, 9.96, 125.3, 19.8, 5, "provided as "
286.6089600000002, 9.96, 9.96, 0, 0, 9.96, 179.9, 19.8, 5, "an informational resource only for parents and carers. This list is "
55.54692000000001, 9.96, 9.96, 0, 0, 9.96, 466.73, 19.8, 5, "current as at"
2.7688800000000007, 9.96, 9.96, 0, 0, 9.96, 522.43, 19.8, 5, " "
49.411560000000016, 9.96, 9.96, 0, 0, 9.96, 525.19, 19.8, 5, "June 2015."
2.7688800000000007, 9.96, 9.96, 0, 0, 9.96, 574.75, 19.8, 5, " "
2.7688800000000007, 9.96, 9.96, 0, 0, 9.96, 576.07, 19.8, 5, " "
2.7688800000000007, 9.96, 9.96, 0, 0, 9.96, 612.07, 19.8, 5, " "
2.7688800000000007, 9.96, 9.96, 0, 0, 9.96, 648.07, 19.8, 5, " "
2.7688800000000007, 9.96, 9.96, 0, 0, 9.96, 684.1, 19.8, 5, " "
2.7688800000000007, 9.96, 9.96, 0, 0, 9.96, 720.1, 19.8, 5, " "
2.7688800000000007, 9.96, 9.96, 0, 0, 9.96, 756.1, 19.8, 5, "["
5.537760000000001, 9.96, 9.96, 0, 0, 9.96, 758.86, 19.8, 5, "6"
2.7688800000000007, 9.96, 9.96, 0, 0, 9.96, 764.38, 19.8, 5, "]"
2.7688800000000007, 9.96, 9.96, 0, 0, 9.96, 767.26, 19.8, 5, " "
189.01428000000004, 15.96, 15.96, 0, 0, 15.96, 323.21, 541.8, 5, "NORTH METROPOLITAN"
4.43688, 15.96, 15.96, 0, 0, 15.96, 512.59, 541.8, 5, " "
257.23199999999997, 11.04, 11.04, 0, 0, 11.04, 289.25, 527.86, 5, "(City of Joondalup; City of Wanneroo, City of Stirling)"
3.3360000000000003, 12, 12, 0, 0, 12, 546.67, 527.86, 5, " "
88.73952, 11.04, 11.04, 0, 0, 11.04, 32.28, 512.02, 5, "Clinic Name and "
43.9392, 11.04, 11.04, 0, 0, 11.04, 32.28, 499.42, 5, "Address"
3.06912, 11.04, 11.04, 0, 0, 11.04, 76.32, 499.42, 5, " "
104.63712, 11.04, 11.04, 0, 0, 11.04, 138.62, 512.02, 5, "Names of Clinicians"
3.06912, 11.04, 11.04, 0, 0, 11.04, 243.14, 512.02, 5, " "
80.11727999999998, 11.04, 11.04, 0, 0, 11.04, 259.22, 512.02, 5, "Contact Details"
3.06912, 11.04, 11.04, 0, 0, 11.04, 339.29, 512.02, 5, " "
3.06912, 11.04, 11.04, 0, 0, 11.04, 259.22, 499.42, 5, " "
95.40768, 11.04, 11.04, 0, 0, 11.04, 486.07, 512.02, 5, "Services Provided"
3.06912, 11.04, 11.04, 0, 0, 11.04, 581.47, 512.02, 5, " "
69.15456, 11.04, 11.04, 0, 0, 11.04, 32.28, 483.34, 5, "Dr Alide Smit"
3.06912, 11.04, 11.04, 0, 0, 11.04, 101.42, 483.34, 5, " "
52.62767999999999, 11.04, 11.04, 0, 0, 11.04, 32.28, 470.62, 5, "Suite 210, "
88.76159999999999, 11.04, 11.04, 0, 0, 11.04, 32.28, 457.9, 5, "Joondalup Health "
62.464319999999994, 11.04, 11.04, 0, 0, 11.04, 32.28, 445.3, 5, "Campus, 60 "
81.38687999999999, 11.04, 11.04, 0, 0, 11.04, 32.28, 432.7, 5, "Shenton Avenue"
3.06912, 11.04, 11.04, 0, 0, 11.04, 113.66, 432.7, 5, " "
88.22064, 11.04, 11.04, 0, 0, 11.04, 32.28, 419.98, 5, "JOONDALUP WA"
3.06912, 11.04, 11.04, 0, 0, 11.04, 120.26, 419.98, 5, " "
24.480159999999998, 11.04, 11.04, 0, 0, 11.04, 32.28, 407.38, 5, "6027"
3.06912, 11.04, 11.04, 0, 0, 11.04, 56.76, 407.38, 5, " "
19.496639999999992, 11.04, 11.04, 0, 0, 11.04, 138.62, 483.22, 5, "SMI"
6.745439999999999, 11.04, 11.04, 0, 0, 11.04, 158.18, 483.22, 5, "T"
30.61392, 11.04, 11.04, 0, 0, 11.04, 164.9, 483.22, 5, ", Alide"
3.06912, 11.04, 11.04, 0, 0, 11.04, 195.5, 483.22, 5, " "
34.87536, 11.04, 11.04, 0, 0, 11.04, 259.22, 483.22, 5, "Phone:"
3.06912, 11.04, 11.04, 0, 0, 11.04, 294.17, 483.22, 5, " "
52.11984, 11.04, 11.04, 0, 0, 11.04, 301.73, 483.22, 5, "9300 9559"
3.06912, 11.04, 11.04, 0, 0, 11.04, 353.69, 483.22, 5, " "
27.40128, 11.04, 11.04, 0, 0, 11.04, 486.07, 483.34, 5, "Age: "
42.34944, 11.04, 11.04, 0, 0, 11.04, 513.55, 483.34, 5, "Infants 0"
3.67632, 11.04, 11.04, 0, 0, 11.04, 555.79, 483.34, 5, "-"
3.06912, 11.04, 11.04, 0, 0, 11.04, 559.51, 483.34, 5, " "
89.75519999999997, 11.04, 11.04, 0, 0, 11.04, 562.63, 483.34, 5, "2 years, children 2"
3.67632, 11.04, 11.04, 0, 0, 11.04, 652.39, 483.34, 5, "-"
89.86559999999997, 11.04, 11.04, 0, 0, 11.04, 656.11, 483.34, 5, "5 years, children 5"
3.67632, 11.04, 11.04, 0, 0, 11.04, 746.02, 483.34, 5, "-"
15.19104, 11.04, 11.04, 0, 0, 11.04, 749.74, 483.34, 5, "12 "
5.52, 11.04, 11.04, 0, 0, 11.04, 764.98, 483.34, 5, "y"
21.4728, 11.04, 11.04, 0, 0, 11.04, 770.38, 483.34, 5, "ears"
6.24004, 11.04, 11.04, 0, 0, 11.04, 791.86, 483.34, 5, ", "
58.776959999999995, 11.04, 11.04, 0, 0, 11.04, 486.07, 470.62, 5, "adolescents"
3.06912, 11.04, 11.04, 0, 0, 11.04, 544.75, 470.62, 5, " "
35.35008, 11.04, 11.04, 0, 0, 11.04, 259.22, 455.14, 5, "Mobile:"
3.06912, 11.04, 11.04, 0, 0, 11.04, 294.77, 455.14, 5, " "
3.06912, 11.04, 11.04, 0, 0, 11.04, 301.73, 455.14, 5, " "
101.55696, 11.04, 11.04, 0, 0, 11.04, 486.07, 455.26, 5, "Services provided: "
209.62751999999998, 11.04, 11.04, 0, 0, 11.04, 587.71, 455.26, 5, "autism assessments, developmental delay "
291.59952, 11.04, 11.04, 0, 0, 11.04, 486.07, 442.42, 5, "assessments, genetic disorders/syndromes, developmental "
132.6456, 11.04, 11.04, 0, 0, 11.04, 486.07, 429.82, 5, "challenges/concerns/delay,"
3.06912, 11.04, 11.04, 0, 0, 11.04, 618.79, 429.82, 5, " "
166.35072, 11.04, 11.04, 0, 0, 11.04, 621.91, 429.82, 5, "behavioural challenges/concerns, "
208.60080000000002, 11.04, 11.04, 0, 0, 11.04, 486.07, 417.1, 5, "attention, learning and behaviour problems"
3.06912, 11.04, 11.04, 0, 0, 11.04, 694.66, 417.1, 5, " "
35.118000000000016, 9, 9, 0, 0, 9, 259.22, 403.39, 5, "Website:"
2.5020000000000002, 9, 9, 0, 0, 9, 294.29, 403.39, 5, " "
3.06912, 11.04, 11.04, 0, 0, 11.04, 301.73, 401.59, 5, " "
80.22767999999999, 11.04, 11.04, 0, 0, 11.04, 486.07, 401.71, 5, "Other services:"
3.06912, 11.04, 11.04, 0, 0, 11.04, 566.23, 401.71, 5, " "
30.53663999999999, 11.04, 11.04, 0, 0, 11.04, 259.22, 386.11, 5, "Email:"
3.06912, 11.04, 11.04, 0, 0, 11.04, 289.85, 386.11, 5, " "
139.66704000000001, 11.04, 11.04, 0, 0, 11.04, 301.73, 386.11, 5, "daleemery@westnet.com.au"
0.13344, 0.48, 0.48, 0, 0, 0.48, 441.29, 386.11, 5, " "
120.97632000000002, 11.04, 11.04, 0, 0, 11.04, 486.07, 386.23, 5, "Additional information:"
3.06912, 11.04, 11.04, 0, 0, 11.04, 607.03, 386.23, 5, " "
21.307199999999995, 11.04, 11.04, 0, 0, 11.04, 259.22, 370.63, 5, "Fax:"
3.06912, 11.04, 11.04, 0, 0, 11.04, 280.58, 370.63, 5, " "
52.11984, 11.04, 11.04, 0, 0, 11.04, 301.73, 370.63, 5, "9400 9608"
3.06912, 11.04, 11.04, 0, 0, 11.04, 353.69, 370.63, 5, " "
3.06912, 11.04, 11.04, 0, 0, 11.04, 486.07, 370.63, 5, " "
85.0632, 11.04, 11.04, 0, 0, 11.04, 32.28, 352.39, 5, "Dr Andrew Haak"
3.06912, 11.04, 11.04, 0, 0, 11.04, 117.26, 352.39, 5, " "
44.66784, 11.04, 11.04, 0, 0, 11.04, 32.28, 339.67, 5, "Warwick "
40.748639999999995, 11.04, 11.04, 0, 0, 11.04, 77.04, 339.67, 5, "Medical "
30.613919999999997, 11.04, 11.04, 0, 0, 11.04, 32.28, 326.95, 5, "Suites"
3.06912, 11.04, 11.04, 0, 0, 11.04, 62.88, 326.95, 5, " "
80.13935999999998, 11.04, 11.04, 0, 0, 11.04, 32.28, 314.35, 5, "312 Warwick Rd"
3.06912, 11.04, 11.04, 0, 0, 11.04, 112.34, 314.35, 5, " "
54.49344, 11.04, 11.04, 0, 0, 11.04, 32.28, 301.63, 5, "WARWICK"
3.06912, 11.04, 11.04, 0, 0, 11.04, 86.76, 301.63, 5, " "
18.541439999999998, 11.04, 11.04, 0, 0, 11.04, 89.52, 301.63, 5, "WA"
3.06912, 11.04, 11.04, 0, 0, 11.04, 107.42, 301.63, 5, " "
24.480159999999998, 11.04, 11.04, 0, 0, 11.04, 32.28, 289.03, 5, "6024"
3.06912, 11.04, 11.04, 0, 0, 11.04, 56.76, 289.03, 5, " "
3.06912, 11.04, 11.04, 0, 0, 11.04, 59.76, 289.03, 5, " "
3.06912, 11.04, 11.04, 0, 0, 11.04, 32.28, 276.53, 5, " "
73.48223999999999, 11.04, 11.04, 0, 0, 11.04, 138.62, 352.27, 5, "HAAK, Andrew"
3.06912, 11.04, 11.04, 0, 0, 11.04, 211.94, 352.27, 5, " "
3.06912, 11.04, 11.04, 0, 0, 11.04, 138.62, 339.79, 5, " "
3.06912, 11.04, 11.04, 0, 0, 11.04, 141.62, 339.79, 5, " "
3.06912, 11.04, 11.04, 0, 0, 11.04, 138.62, 327.07, 5, " "
3.06912, 11.04, 11.04, 0, 0, 11.04, 141.62, 327.07, 5, " "
34.87536, 11.04, 11.04, 0, 0, 11.04, 259.22, 352.27, 5, "Phone:"
3.06912, 11.04, 11.04, 0, 0, 11.04, 294.17, 352.27, 5, " "
52.11984, 11.04, 11.04, 0, 0, 11.04, 301.73, 352.27, 5, "9203 5414"
3.06912, 11.04, 11.04, 0, 0, 11.04, 353.69, 352.27, 5, " "
24.33216, 11.04, 11.04, 0, 0, 11.04, 486.07, 352.39, 5, "Age:"
3.06912, 11.04, 11.04, 0, 0, 11.04, 510.43, 352.39, 5, " "
42.34944, 11.04, 11.04, 0, 0, 11.04, 513.55, 352.39, 5, "Infants 0"
3.67632, 11.04, 11.04, 0, 0, 11.04, 555.79, 352.39, 5, "-"
3.06912, 11.04, 11.04, 0, 0, 11.04, 559.51, 352.39, 5, " "
56.09423999999999, 11.04, 11.04, 0, 0, 11.04, 562.63, 352.39, 5, "2 years, chi"
33.727199999999996, 11.04, 11.04, 0, 0, 11.04, 618.67, 352.39, 5, "ldren 2"
3.67632, 11.04, 11.04, 0, 0, 11.04, 652.39, 352.39, 5, "-"
89.86559999999997, 11.04, 11.04, 0, 0, 11.04, 656.11, 352.39, 5, "5 years, children 5"
3.67632, 11.04, 11.04, 0, 0, 11.04, 746.02, 352.39, 5, "-"
15.19104, 11.04, 11.04, 0, 0, 11.04, 749.74, 352.39, 5, "12 "
26.87136, 11.04, 11.04, 0, 0, 11.04, 764.98, 352.39, 5, "years"
3.06912, 11.04, 11.04, 0, 0, 11.04, 791.86, 352.39, 5, ","
3.06912, 11.04, 11.04, 0, 0, 11.04, 794.98, 352.39, 5, " "
58.776959999999995, 11.04, 11.04, 0, 0, 11.04, 486.07, 339.67, 5, "adolescents"
3.06912, 11.04, 11.04, 0, 0, 11.04, 544.75, 339.67, 5, " "
35.35008, 11.04, 11.04, 0, 0, 11.04, 259.22, 324.19, 5, "Mobile:"
3.06912, 11.04, 11.04, 0, 0, 11.04, 294.77, 324.19, 5, " "
3.06912, 11.04, 11.04, 0, 0, 11.04, 301.73, 324.19, 5, " "
3.06912, 11.04, 11.04, 0, 0, 11.04, 304.73, 324.19, 5, " "
101.55696, 11.04, 11.04, 0, 0, 11.04, 486.07, 324.31, 5, "Services provided: "
210.81984, 11.04, 11.04, 0, 0, 11.04, 587.71, 324.31, 5, "Autism assessments, developmental delay "
108.86543999999999, 11.04, 11.04, 0, 0, 11.04, 486.07, 311.47, 5, "assessments, genetic "
182.68992, 11.04, 11.04, 0, 0, 11.04, 595.03, 311.47, 5, "disorders/syndromes, developmental "
302.1537599999999, 11.04, 11.04, 0, 0, 11.04, 486.07, 298.87, 5, "challenges/concerns/delay, behavioural challenges/concerns, "
208.60080000000002, 11.04, 11.04, 0, 0, 11.04, 486.07, 286.15, 5, "attention, learning and behaviour problems"
3.06912, 11.04, 11.04, 0, 0, 11.04, 694.66, 286.15, 5, " "
35.118000000000016, 9, 9, 0, 0, 9, 259.22, 272.45, 5, "Website:"
2.5020000000000002, 9, 9, 0, 0, 9, 294.29, 272.45, 5, " "
3.06912, 11.04, 11.04, 0, 0, 11.04, 301.73, 270.41, 5, " "
117.64224, 11.04, 11.04, 0, 0, 11.04, 304.85, 270.41, 5, "www.andrewhaak.com.au"
2.49504, 11.04, 11.04, 0, 0, 11.04, 422.33, 270.41, 5, " "
83.19743999999999, 11.04, 11.04, 0, 0, 11.04, 486.07, 270.77, 5, "Other services: "
42.183840000000004, 11.04, 11.04, 0, 0, 11.04, 569.23, 270.77, 5, "General "
6.13824, 11.04, 11.04, 0, 0, 11.04, 611.47, 270.77, 5, "p"
53.21279999999999, 11.04, 11.04, 0, 0, 11.04, 617.59, 270.77, 5, "aediatrics. "
3.06912, 11.04, 11.04, 0, 0, 11.04, 670.78, 270.77, 5, " "
30.53663999999999, 11.04, 11.04, 0, 0, 11.04, 259.22, 242.33, 5, "Email:"
3.06912, 11.04, 11.04, 0, 0, 11.04, 289.85, 242.33, 5, " "
3.06912, 11.04, 11.04, 0, 0, 11.04, 259.22, 229.73, 5, " "
21.307199999999995, 11.04, 11.04, 0, 0, 11.04, 259.22, 217.13, 5, "Fax:"
3.06912, 11.04, 11.04, 0, 0, 11.04, 280.58, 217.13, 5, " "
130.94544, 11.04, 11.04, 0, 0, 11.04, 301.73, 242.33, 5, "drhaaksrooms@gmail.com"
3.06912, 11.04, 11.04, 0, 0, 11.04, 432.77, 242.33, 5, " "
3.06912, 11.04, 11.04, 0, 0, 11.04, 435.77, 242.33, 5, " "
3.06912, 11.04, 11.04, 0, 0, 11.04, 301.73, 229.73, 5, " "
55.155840000000005, 11.04, 11.04, 0, 0, 11.04, 301.73, 217.13, 5, "9203 5641 "
3.06912, 11.04, 11.04, 0, 0, 11.04, 356.81, 217.13, 5, " "
120.97632000000002, 11.04, 11.04, 0, 0, 11.04, 486.07, 242.45, 5, "Additional information:"
3.06912, 11.04, 11.04, 0, 0, 11.04, 607.03, 242.45, 5, " "
3.06912, 11.04, 11.04, 0, 0, 11.04, 610.03, 242.45, 5, " "
3.06912, 11.04, 11.04, 0, 0, 11.04, 486.07, 229.73, 5, " "
3.06912, 11.04, 11.04, 0, 0, 11.04, 486.07, 217.25, 5, " "
80.20560000000002, 11.04, 11.04, 0, 0, 11.04, 32.28, 201.17, 5, "Brad Jongeling"
3.06912, 11.04, 11.04, 0, 0, 11.04, 112.34, 201.17, 5, " "
102.77135999999999, 11.04, 11.04, 0, 0, 11.04, 32.28, 188.45, 5, "Suite 204, Specialist "
77.09232, 11.04, 11.04, 0, 0, 11.04, 32.28, 175.73, 5, "Medical Centre "
85.00800000000001, 11.04, 11.04, 0, 0, 11.04, 32.28, 163.13, 5, "West, Joondalup "
75.94416, 11.04, 11.04, 0, 0, 11.04, 32.28, 150.5, 5, "Health Campus"
3.06912, 11.04, 11.04, 0, 0, 11.04, 108.14, 150.5, 5, " "
88.22064, 11.04, 11.04, 0, 0, 11.04, 32.28, 137.78, 5, "JOONDALUP WA"
3.06912, 11.04, 11.04, 0, 0, 11.04, 120.26, 137.78, 5, " "
27.531079999999996, 11.04, 11.04, 0, 0, 11.04, 32.28, 125.18, 5, "6027 "
3.06912, 11.04, 11.04, 0, 0, 11.04, 59.76, 125.18, 5, " "
3.06912, 11.04, 11.04, 0, 0, 11.04, 32.28, 112.58, 5, " "
3.06912, 11.04, 11.04, 0, 0, 11.04, 138.62, 201.17, 5, " "
93.00095999999999, 11.04, 11.04, 0, 0, 11.04, 141.74, 201.17, 5, "JONGELING, Brad"
3.06912, 11.04, 11.04, 0, 0, 11.04, 234.62, 201.17, 5, " "
3.06912, 11.04, 11.04, 0, 0, 11.04, 138.62, 188.57, 5, " "
3.06912, 11.04, 11.04, 0, 0, 11.04, 141.62, 188.57, 5, " "
3.06912, 11.04, 11.04, 0, 0, 11.04, 138.62, 175.85, 5, " "
3.06912, 11.04, 11.04, 0, 0, 11.04, 141.62, 175.85, 5, " "
34.87536, 11.04, 11.04, 0, 0, 11.04, 259.22, 201.05, 5, "Phone:"
3.06912, 11.04, 11.04, 0, 0, 11.04, 294.17, 201.05, 5, " "
52.11984, 11.04, 11.04, 0, 0, 11.04, 301.73, 201.05, 5, "9400 9910"
3.06912, 11.04, 11.04, 0, 0, 11.04, 353.69, 201.05, 5, " "
24.33216, 11.04, 11.04, 0, 0, 11.04, 486.07, 201.17, 5, "Age:"
3.06912, 11.04, 11.04, 0, 0, 11.04, 510.43, 201.17, 5, " "
42.34944, 11.04, 11.04, 0, 0, 11.04, 513.55, 201.17, 5, "Infants 0"
3.67632, 11.04, 11.04, 0, 0, 11.04, 555.79, 201.17, 5, "-"
3.06912, 11.04, 11.04, 0, 0, 11.04, 559.51, 201.17, 5, " "
56.09423999999999, 11.04, 11.04, 0, 0, 11.04, 562.63, 201.17, 5, "2 years, chi"
33.727199999999996, 11.04, 11.04, 0, 0, 11.04, 618.67, 201.17, 5, "ldren 2"
3.67632, 11.04, 11.04, 0, 0, 11.04, 652.39, 201.17, 5, "-"
89.86559999999997, 11.04, 11.04, 0, 0, 11.04, 656.11, 201.17, 5, "5 years, children 5"
3.67632, 11.04, 11.04, 0, 0, 11.04, 746.02, 201.17, 5, "-"
15.19104, 11.04, 11.04, 0, 0, 11.04, 749.74, 201.17, 5, "12 "
26.87136, 11.04, 11.04, 0, 0, 11.04, 764.98, 201.17, 5, "years"
3.06912, 11.04, 11.04, 0, 0, 11.04, 791.86, 201.17, 5, ","
3.06912, 11.04, 11.04, 0, 0, 11.04, 794.98, 201.17, 5, " "
58.776959999999995, 11.04, 11.04, 0, 0, 11.04, 486.07, 188.45, 5, "adolescents"
3.06912, 11.04, 11.04, 0, 0, 11.04, 544.75, 188.45, 5, " "
35.35008, 11.04, 11.04, 0, 0, 11.04, 259.22, 172.97, 5, "Mobile:"
3.06912, 11.04, 11.04, 0, 0, 11.04, 294.77, 172.97, 5, " "
3.06912, 11.04, 11.04, 0, 0, 11.04, 301.73, 172.97, 5, " "
3.06912, 11.04, 11.04, 0, 0, 11.04, 304.73, 172.97, 5, " "
101.55696, 11.04, 11.04, 0, 0, 11.04, 486.07, 173.09, 5, "Services provided: "
210.81984, 11.04, 11.04, 0, 0, 11.04, 587.71, 173.09, 5, "Autism assessments, developmental delay "
291.59952, 11.04, 11.04, 0, 0, 11.04, 486.07, 160.25, 5, "assessments, genetic disorders/syndromes, developmental "
195.6288, 11.04, 11.04, 0, 0, 11.04, 486.07, 147.62, 5, "challenges/concerns/delay, behavioural "
106.4808, 11.04, 11.04, 0, 0, 11.04, 681.82, 147.62, 5, "challenges/concerns, "
208.60080000000002, 11.04, 11.04, 0, 0, 11.04, 486.07, 134.9, 5, "attention, learning and behaviour problems"
3.06912, 11.04, 11.04, 0, 0, 11.04, 694.66, 134.9, 5, " "
35.118000000000016, 9, 9, 0, 0, 9, 259.22, 121.22, 5, "Website:"
2.5020000000000002, 9, 9, 0, 0, 9, 294.29, 121.22, 5, " "
3.06912, 11.04, 11.04, 0, 0, 11.04, 301.73, 119.42, 5, " "
3.06912, 11.04, 11.04, 0, 0, 11.04, 304.73, 119.42, 5, " "
83.19743999999999, 11.04, 11.04, 0, 0, 11.04, 486.07, 119.54, 5, "Other services: "
200.56368, 11.04, 11.04, 0, 0, 11.04, 569.23, 119.54, 5, "General and Developmental Paediatrics. "
3.06912, 11.04, 11.04, 0, 0, 11.04, 769.78, 119.54, 5, " "
30.53663999999999, 11.04, 11.04, 0, 0, 11.04, 259.22, 103.94, 5, "Email:"
3.06912, 11.04, 11.04, 0, 0, 11.04, 289.85, 103.94, 5, " "
3.06912, 11.04, 11.04, 0, 0, 11.04, 259.22, 91.344, 5, " "
21.307199999999995, 11.04, 11.04, 0, 0, 11.04, 259.22, 78.624, 5, "Fax:"
3.06912, 11.04, 11.04, 0, 0, 11.04, 280.58, 78.624, 5, " "
142.0296, 11.04, 11.04, 0, 0, 11.04, 301.73, 103.94, 5, "paediatric.health@gmail.com"
3.06912, 11.04, 11.04, 0, 0, 11.04, 443.69, 103.94, 5, " "
3.06912, 11.04, 11.04, 0, 0, 11.04, 301.73, 91.344, 5, " "
120.97632000000002, 11.04, 11.04, 0, 0, 11.04, 486.07, 104.06, 5, "Additional information:"
3.06912, 11.04, 11.04, 0, 0, 11.04, 607.03, 104.06, 5, " "
184.58880000000002, 11.04, 11.04, 0, 0, 11.04, 610.15, 104.06, 5, "Griffiths Developmental assessments."
3.06912, 11.04, 11.04, 0, 0, 11.04, 794.74, 104.06, 5, " "
3.06912, 11.04, 11.04, 0, 0, 11.04, 486.07, 91.344, 5, " "
3.06912, 11.04, 11.04, 0, 0, 11.04, 486.07, 78.744, 5, " "
3.06912, 11.04, 11.04, 0, 0, 11.04, 486.07, 66.144, 5, " "
402.81228000000004, 9.96, 9.96, 0, 0, 9.96, 43.68, 31.344, 6, "Inclusion  on  this  list  is  not  a  recommendation  by  the  Child  Development  Service  or  th"
164.79815999999997, 9.96, 9.96, 0, 0, 9.96, 446.93, 31.344, 6, "e  Department  of  Health.  This  list  is"
2.7688800000000007, 9.96, 9.96, 0, 0, 9.96, 611.95, 31.344, 6, " "
70.90524, 9.96, 9.96, 0, 0, 9.96, 616.75, 31.344, 6, "updated  annual"
117.08976000000003, 9.96, 9.96, 0, 0, 9.96, 687.7, 31.344, 6, "ly  from  publicly  available "
49.45140000000001, 9.96, 9.96, 0, 0, 9.96, 43.68, 19.8, 6, "information"
2.7688800000000007, 9.96, 9.96, 0, 0, 9.96, 93.12, 19.8, 6, " "
26.563320000000004, 9.96, 9.96, 0, 0, 9.96, 95.904, 19.8, 6, "and is"
2.7688800000000007, 9.96, 9.96, 0, 0, 9.96, 122.54, 19.8, 6, " "
54.55092000000001, 9.96, 9.96, 0, 0, 9.96, 125.3, 19.8, 6, "provided as "
286.6089600000002, 9.96, 9.96, 0, 0, 9.96, 179.9, 19.8, 6, "an informational resource only for parents and carers. This list is "
55.54692000000001, 9.96, 9.96, 0, 0, 9.96, 466.73, 19.8, 6, "current as at"
2.7688800000000007, 9.96, 9.96, 0, 0, 9.96, 522.43, 19.8, 6, " "
49.411560000000016, 9.96, 9.96, 0, 0, 9.96, 525.19, 19.8, 6, "June 2015."
2.7688800000000007, 9.96, 9.96, 0, 0, 9.96, 574.75, 19.8, 6, " "
2.7688800000000007, 9.96, 9.96, 0, 0, 9.96, 576.07, 19.8, 6, " "
2.7688800000000007, 9.96, 9.96, 0, 0, 9.96, 612.07, 19.8, 6, " "
2.7688800000000007, 9.96, 9.96, 0, 0, 9.96, 648.07, 19.8, 6, " "
2.7688800000000007, 9.96, 9.96, 0, 0, 9.96, 684.1, 19.8, 6, " "
2.7688800000000007, 9.96, 9.96, 0, 0, 9.96, 720.1, 19.8, 6, " "
2.7688800000000007, 9.96, 9.96, 0, 0, 9.96, 756.1, 19.8, 6, "["
5.537760000000001, 9.96, 9.96, 0, 0, 9.96, 758.86, 19.8, 6, "2"
2.7688800000000007, 9.96, 9.96, 0, 0, 9.96, 764.38, 19.8, 6, "]"
2.7688800000000007, 9.96, 9.96, 0, 0, 9.96, 767.26, 19.8, 6, " "
208.56528000000006, 15.96, 15.96, 0, 0, 15.96, 318.41, 541.8, 6, "CENTRAL METROPOLITAN"
4.43688, 15.96, 15.96, 0, 0, 15.96, 527.35, 541.8, 6, " "
105.73007999999997, 11.04, 11.04, 0, 0, 11.04, 54.48, 527.86, 6, "(Town of Cambridge; "
161.23919999999998, 11.04, 11.04, 0, 0, 11.04, 160.34, 527.86, 6, "Town of Claremont; Town of Cott"
167.43264000000005, 11.04, 11.04, 0, 0, 11.04, 321.77, 527.86, 6, "esloe; Town of Mosman Park; City"
3.06912, 11.04, 11.04, 0, 0, 11.04, 489.31, 527.86, 6, " "
219.86159999999998, 11.04, 11.04, 0, 0, 11.04, 492.43, 527.86, 6, "of Nedlands; Shire of Peppermint Grove; City"
3.06912, 11.04, 11.04, 0, 0, 11.04, 712.42, 527.86, 6, " "
78.7152, 11.04, 11.04, 0, 0, 11.04, 715.54, 527.86, 6, "of Perth; City of "
64.89311999999998, 11.04, 11.04, 0, 0, 11.04, 362.57, 515.26, 6, "Subiaco; City"
3.06912, 11.04, 11.04, 0, 0, 11.04, 427.49, 515.26, 6, " "
52.48415999999998, 11.04, 11.04, 0, 0, 11.04, 430.61, 515.26, 6, "of Vincent)"
3.06912, 11.04, 11.04, 0, 0, 11.04, 483.07, 515.26, 6, " "
88.73952, 11.04, 11.04, 0, 0, 11.04, 32.64, 499.42, 6, "Clinic Name and "
43.9392, 11.04, 11.04, 0, 0, 11.04, 32.64, 486.7, 6, "Address"
3.06912, 11.04, 11.04, 0, 0, 11.04, 76.68, 486.7, 6, " "
104.63712, 11.04, 11.04, 0, 0, 11.04, 138.98, 499.42, 6, "Names of Clinicians"
3.06912, 11.04, 11.04, 0, 0, 11.04, 243.5, 499.42, 6, " "
80.11727999999998, 11.04, 11.04, 0, 0, 11.04, 259.34, 499.42, 6, "Contact Details"
3.06912, 11.04, 11.04, 0, 0, 11.04, 339.41, 499.42, 6, " "
95.40768, 11.04, 11.04, 0, 0, 11.04, 486.07, 499.42, 6, "Services Provided"
3.06912, 11.04, 11.04, 0, 0, 11.04, 581.47, 499.42, 6, " "
55.67472, 11.04, 11.04, 0, 0, 11.04, 32.64, 470.74, 6, "Hollywood"
3.06912, 11.04, 11.04, 0, 0, 11.04, 88.32, 470.74, 6, " "
3.06912, 11.04, 11.04, 0, 0, 11.04, 91.32, 470.74, 6, " "
51.44639999999999, 11.04, 11.04, 0, 0, 11.04, 32.64, 458.02, 6, "Specialist"
3.06912, 11.04, 11.04, 0, 0, 11.04, 84, 458.02, 6, " "
7.970879999999999, 11.04, 11.04, 0, 0, 11.04, 87.12, 458.02, 6, "C"
29.94048, 11.04, 11.04, 0, 0, 11.04, 95.064, 458.02, 6, "entre "
3.06912, 11.04, 11.04, 0, 0, 11.04, 124.94, 458.02, 6, " "
61.857119999999995, 11.04, 11.04, 0, 0, 11.04, 32.64, 445.3, 6, "Suite 26, 95 "
82.50192000000001, 11.04, 11.04, 0, 0, 11.04, 32.64, 432.7, 6, "Monash Avenue "
3.06912, 11.04, 11.04, 0, 0, 11.04, 115.22, 432.7, 6, " "
80.76864, 11.04, 11.04, 0, 0, 11.04, 32.64, 419.98, 6, "NEDLANDS WA"
3.06912, 11.04, 11.04, 0, 0, 11.04, 113.3, 419.98, 6, " "
24.480159999999998, 11.04, 11.04, 0, 0, 11.04, 32.64, 407.38, 6, "6009"
3.06912, 11.04, 11.04, 0, 0, 11.04, 57.12, 407.38, 6, " "
3.06912, 11.04, 11.04, 0, 0, 11.04, 32.64, 394.63, 6, " "
3.06912, 11.04, 11.04, 0, 0, 11.04, 35.64, 394.63, 6, " "
72.864, 11.04, 11.04, 0, 0, 11.04, 138.98, 470.62, 6, "JESSY, Sapna"
3.06912, 11.04, 11.04, 0, 0, 11.04, 211.7, 470.62, 6, " "
3.06912, 11.04, 11.04, 0, 0, 11.04, 138.98, 457.9, 6, " "
3.06912, 11.04, 11.04, 0, 0, 11.04, 141.98, 457.9, 6, " "
3.06912, 11.04, 11.04, 0, 0, 11.04, 138.98, 445.3, 6, " "
3.06912, 11.04, 11.04, 0, 0, 11.04, 141.98, 445.3, 6, " "
3.06912, 11.04, 11.04, 0, 0, 11.04, 138.98, 432.7, 6, " "
3.06912, 11.04, 11.04, 0, 0, 11.04, 141.98, 432.7, 6, " "
3.06912, 11.04, 11.04, 0, 0, 11.04, 138.98, 419.98, 6, " "
3.06912, 11.04, 11.04, 0, 0, 11.04, 141.98, 419.98, 6, " "
34.87536, 11.04, 11.04, 0, 0, 11.04, 259.34, 470.62, 6, "Phone:"
3.06912, 11.04, 11.04, 0, 0, 11.04, 294.29, 470.62, 6, " "
48.960319999999996, 11.04, 11.04, 0, 0, 11.04, 301.73, 470.62, 6, "93861004"
3.06912, 11.04, 11.04, 0, 0, 11.04, 350.69, 470.62, 6, " "
27.40128, 11.04, 11.04, 0, 0, 11.04, 486.07, 470.74, 6, "Age: "
41.753280000000004, 11.04, 11.04, 0, 0, 11.04, 513.55, 470.74, 6, "infants 0"
3.67632, 11.04, 11.04, 0, 0, 11.04, 555.19, 470.74, 6, "-"
3.06912, 11.04, 11.04, 0, 0, 11.04, 558.91, 470.74, 6, " "
56.09423999999999, 11.04, 11.04, 0, 0, 11.04, 562.03, 470.74, 6, "2 years, chi"
33.727199999999996, 11.04, 11.04, 0, 0, 11.04, 618.07, 470.74, 6, "ldren 2"
3.67632, 11.04, 11.04, 0, 0, 11.04, 651.79, 470.74, 6, "-"
89.86559999999997, 11.04, 11.04, 0, 0, 11.04, 655.51, 470.74, 6, "5 years, children 5"
3.67632, 11.04, 11.04, 0, 0, 11.04, 745.42, 470.74, 6, "-"
20.7552, 11.04, 11.04, 0, 0, 11.04, 749.14, 470.74, 6, "12 y"
21.4728, 11.04, 11.04, 0, 0, 11.04, 769.78, 470.74, 6, "ears"
3.06912, 11.04, 11.04, 0, 0, 11.04, 791.26, 470.74, 6, " "
35.35008, 11.04, 11.04, 0, 0, 11.04, 259.34, 453.46, 6, "Mobile:"
3.06912, 11.04, 11.04, 0, 0, 11.04, 294.89, 453.46, 6, " "
3.06912, 11.04, 11.04, 0, 0, 11.04, 301.73, 453.46, 6, " "
101.55696, 11.04, 11.04, 0, 0, 11.04, 486.07, 453.58, 6, "Services provided: "
209.62751999999998, 11.04, 11.04, 0, 0, 11.04, 587.71, 453.58, 6, "autism assessments, developmental delay "
148.00224, 11.04, 11.04, 0, 0, 11.04, 486.07, 440.86, 6, "assessments,  developmental "
138.71760000000003, 11.04, 11.04, 0, 0, 11.04, 634.15, 440.86, 6, "challenges/concerns/delay,  "
281.25503999999995, 11.04, 11.04, 0, 0, 11.04, 486.07, 428.14, 6, "behavioural challenges/concerns,  attention, learning and "
96.67728, 11.04, 11.04, 0, 0, 11.04, 486.07, 415.54, 6, "behaviour problems"
3.06912, 11.04, 11.04, 0, 0, 11.04, 582.67, 415.54, 6, " "
35.118000000000016, 9, 9, 0, 0, 9, 259.34, 401.23, 6, "Website:"
2.5020000000000002, 9, 9, 0, 0, 9, 294.41, 401.23, 6, " "
3.06912, 11.04, 11.04, 0, 0, 11.04, 301.73, 399.43, 6, " "
80.22767999999999, 11.04, 11.04, 0, 0, 11.04, 486.07, 399.55, 6, "Other services:"
3.06912, 11.04, 11.04, 0, 0, 11.04, 566.23, 399.55, 6, " "
30.53663999999999, 11.04, 11.04, 0, 0, 11.04, 259.34, 383.47, 6, "Email:"
3.06912, 11.04, 11.04, 0, 0, 11.04, 289.97, 383.47, 6, " "
132.23712, 11.04, 11.04, 0, 0, 11.04, 301.73, 383.47, 6, "hollymed@westnet.com.au"
0.13344, 0.48, 0.48, 0, 0, 0.48, 433.97, 383.47, 6, " "
123.96816000000001, 11.04, 11.04, 0, 0, 11.04, 486.07, 383.59, 6, "Additional information: "
149.22768, 11.04, 11.04, 0, 0, 11.04, 610.15, 383.59, 6, "Accepts referrals for children 1"
3.67632, 11.04, 11.04, 0, 0, 11.04, 759.34, 383.59, 6, "-"
45.29711999999999, 11.04, 11.04, 0, 0, 11.04, 763.06, 383.59, 6, "10 years "
33.6168, 11.04, 11.04, 0, 0, 11.04, 486.07, 370.87, 6, "of age "
3.06912, 11.04, 11.04, 0, 0, 11.04, 519.67, 370.87, 6, " "
21.307199999999995, 11.04, 11.04, 0, 0, 11.04, 259.34, 354.79, 6, "Fax:"
3.06912, 11.04, 11.04, 0, 0, 11.04, 280.7, 354.79, 6, " "
48.960319999999996, 11.04, 11.04, 0, 0, 11.04, 301.73, 354.79, 6, "93867382"
3.06912, 11.04, 11.04, 0, 0, 11.04, 350.69, 354.79, 6, " "
3.06912, 11.04, 11.04, 0, 0, 11.04, 486.07, 354.79, 6, " "
87.52511999999999, 11.04, 11.04, 0, 0, 11.04, 32.64, 338.95, 6, "Dr Jacqueline M "
46.566720000000004, 11.04, 11.04, 0, 0, 11.04, 32.64, 326.35, 6, "Scurlock"
3.06912, 11.04, 11.04, 0, 0, 11.04, 79.08, 326.35, 6, " "
99.7464, 11.04, 11.04, 0, 0, 11.04, 32.64, 313.51, 6, "Unit 3 / 25 Hamilton "
32.4576, 11.04, 11.04, 0, 0, 11.04, 32.64, 300.91, 6, "Street "
3.06912, 11.04, 11.04, 0, 0, 11.04, 65.04, 300.91, 6, " "
49.49232, 11.04, 11.04, 0, 0, 11.04, 32.64, 288.19, 6, "SUBIACO"
3.06912, 11.04, 11.04, 0, 0, 11.04, 82.2, 288.19, 6, " "
24.480159999999998, 11.04, 11.04, 0, 0, 11.04, 32.64, 275.57, 6, "6008"
3.06912, 11.04, 11.04, 0, 0, 11.04, 57.12, 275.57, 6, " "
3.06912, 11.04, 11.04, 0, 0, 11.04, 32.64, 262.97, 6, " "
3.06912, 11.04, 11.04, 0, 0, 11.04, 35.64, 262.97, 6, " "
61.128479999999996, 11.04, 11.04, 0, 0, 11.04, 138.98, 338.83, 6, "SCURLOCK"
6.24004, 11.04, 11.04, 0, 0, 11.04, 200.06, 338.83, 6, ", "
101.57903999999999, 11.04, 11.04, 0, 0, 11.04, 138.98, 326.23, 6, "Jacqueline Meredith "
3.06912, 11.04, 11.04, 0, 0, 11.04, 240.5, 326.23, 6, " "
3.06912, 11.04, 11.04, 0, 0, 11.04, 138.98, 313.51, 6, " "
3.06912, 11.04, 11.04, 0, 0, 11.04, 141.98, 313.51, 6, " "
3.06912, 11.04, 11.04, 0, 0, 11.04, 138.98, 300.91, 6, " "
3.06912, 11.04, 11.04, 0, 0, 11.04, 141.98, 300.91, 6, " "
3.06912, 11.04, 11.04, 0, 0, 11.04, 138.98, 288.19, 6, " "
3.06912, 11.04, 11.04, 0, 0, 11.04, 141.98, 288.19, 6, " "
3.06912, 11.04, 11.04, 0, 0, 11.04, 138.98, 275.57, 6, " "
3.06912, 11.04, 11.04, 0, 0, 11.04, 141.98, 275.57, 6, " "
34.87536, 11.04, 11.04, 0, 0, 11.04, 259.34, 338.83, 6, "Phone:"
3.06912, 11.04, 11.04, 0, 0, 11.04, 294.29, 338.83, 6, " "
52.11984, 11.04, 11.04, 0, 0, 11.04, 301.73, 338.83, 6, "9381 7211"
3.06912, 11.04, 11.04, 0, 0, 11.04, 353.69, 338.83, 6, " "
24.33216, 11.04, 11.04, 0, 0, 11.04, 486.07, 338.95, 6, "Age:"
3.06912, 11.04, 11.04, 0, 0, 11.04, 510.43, 338.95, 6, " "
42.34944, 11.04, 11.04, 0, 0, 11.04, 513.55, 338.95, 6, "Infants 0"
3.67632, 11.04, 11.04, 0, 0, 11.04, 555.79, 338.95, 6, "-"
3.06912, 11.04, 11.04, 0, 0, 11.04, 559.51, 338.95, 6, " "
89.75519999999997, 11.04, 11.04, 0, 0, 11.04, 562.63, 338.95, 6, "2 years, children 2"
3.67632, 11.04, 11.04, 0, 0, 11.04, 652.39, 338.95, 6, "-"
89.86559999999997, 11.04, 11.04, 0, 0, 11.04, 656.11, 338.95, 6, "5 years, children 5"
3.67632, 11.04, 11.04, 0, 0, 11.04, 746.02, 338.95, 6, "-"
12.240079999999999, 11.04, 11.04, 0, 0, 11.04, 749.74, 338.95, 6, "12"
3.06912, 11.04, 11.04, 0, 0, 11.04, 761.86, 338.95, 6, " "
26.87136, 11.04, 11.04, 0, 0, 11.04, 764.98, 338.95, 6, "years"
3.06912, 11.04, 11.04, 0, 0, 11.04, 791.86, 338.95, 6, " "
35.35008, 11.04, 11.04, 0, 0, 11.04, 259.34, 323.35, 6, "Mobile:"
3.06912, 11.04, 11.04, 0, 0, 11.04, 294.89, 323.35, 6, " "
3.06912, 11.04, 11.04, 0, 0, 11.04, 301.73, 323.35, 6, " "
98.48784, 11.04, 11.04, 0, 0, 11.04, 486.07, 323.47, 6, "Services provided:"
3.06912, 11.04, 11.04, 0, 0, 11.04, 584.59, 323.47, 6, " "
145.30848, 11.04, 11.04, 0, 0, 11.04, 587.71, 323.47, 6, "Autism assessments, genetic "
318.6143999999998, 11.04, 11.04, 0, 0, 11.04, 486.07, 310.63, 6, "disorders/syndromes, developmental challenges/concerns/delay, "
329.6212799999999, 11.04, 11.04, 0, 0, 11.04, 486.07, 298.03, 6, "behavioural challenges/concerns, attention, learning and behaviour "
45.330239999999996, 11.04, 11.04, 0, 0, 11.04, 486.07, 285.43, 6, "problems"
3.06912, 11.04, 11.04, 0, 0, 11.04, 531.31, 285.43, 6, " "
35.118000000000016, 9, 9, 0, 0, 9, 259.34, 271.61, 6, "Website:"
3.06912, 11.04, 11.04, 0, 0, 11.04, 294.41, 271.61, 6, " "
3.06912, 11.04, 11.04, 0, 0, 11.04, 301.73, 269.81, 6, " "
80.22767999999999, 11.04, 11.04, 0, 0, 11.04, 486.07, 269.93, 6, "Other services:"
3.06912, 11.04, 11.04, 0, 0, 11.04, 566.23, 269.93, 6, " "
30.53663999999999, 11.04, 11.04, 0, 0, 11.04, 259.34, 254.33, 6, "Email:"
3.06912, 11.04, 11.04, 0, 0, 11.04, 289.97, 254.33, 6, " "
145.7832, 11.04, 11.04, 0, 0, 11.04, 301.73, 254.33, 6, "drscurlockrooms@iinet.net.au"
0.13344, 0.48, 0.48, 0, 0, 0.48, 447.41, 254.33, 6, " "
120.97632000000002, 11.04, 11.04, 0, 0, 11.04, 486.07, 254.45, 6, "Additional information:"
3.06912, 11.04, 11.04, 0, 0, 11.04, 607.03, 254.45, 6, " "
146.74367999999998, 11.04, 11.04, 0, 0, 11.04, 610.15, 254.45, 6, "Griffith Assessments not done"
3.06912, 11.04, 11.04, 0, 0, 11.04, 756.82, 254.45, 6, " "
21.307199999999995, 11.04, 11.04, 0, 0, 11.04, 259.34, 236.57, 6, "Fax:"
3.06912, 11.04, 11.04, 0, 0, 11.04, 280.7, 236.57, 6, " "
52.11984, 11.04, 11.04, 0, 0, 11.04, 301.73, 236.57, 6, "9380 4820"
3.06912, 11.04, 11.04, 0, 0, 11.04, 353.69, 236.57, 6, " "
3.06912, 11.04, 11.04, 0, 0, 11.04, 486.07, 236.57, 6, " "
81.98303999999999, 11.04, 11.04, 0, 0, 11.04, 32.64, 220.13, 6, "McCourt Street "
58.82111999999999, 11.04, 11.04, 0, 0, 11.04, 32.64, 207.53, 6, "Paediatrics"
3.06912, 11.04, 11.04, 0, 0, 11.04, 91.32, 207.53, 6, " "
97.22927999999999, 11.04, 11.04, 0, 0, 11.04, 32.64, 194.69, 6, "Suite 8/10 McCourt "
32.4576, 11.04, 11.04, 0, 0, 11.04, 32.64, 182.09, 6, "Street "
3.06912, 11.04, 11.04, 0, 0, 11.04, 65.04, 182.09, 6, " "
34.87535999999999, 11.04, 11.04, 0, 0, 11.04, 32.64, 169.37, 6, "WEST "
94.93296000000001, 11.04, 11.04, 0, 0, 11.04, 32.64, 156.77, 6, "LEEDERVILLE WA"
3.06912, 11.04, 11.04, 0, 0, 11.04, 127.46, 156.77, 6, " "
24.480159999999998, 11.04, 11.04, 0, 0, 11.04, 32.64, 144.14, 6, "6007"
3.06912, 11.04, 11.04, 0, 0, 11.04, 57.12, 144.14, 6, " "
3.06912, 11.04, 11.04, 0, 0, 11.04, 32.64, 131.42, 6, " "
3.06912, 11.04, 11.04, 0, 0, 11.04, 35.64, 131.42, 6, " "
63.11567999999998, 11.04, 11.04, 0, 0, 11.04, 138.98, 220.01, 6, "WRAY, John"
3.06912, 11.04, 11.04, 0, 0, 11.04, 201.98, 220.01, 6, " "
3.06912, 11.04, 11.04, 0, 0, 11.04, 138.98, 207.41, 6, " "
3.06912, 11.04, 11.04, 0, 0, 11.04, 141.98, 207.41, 6, " "
3.06912, 11.04, 11.04, 0, 0, 11.04, 138.98, 194.69, 6, " "
3.06912, 11.04, 11.04, 0, 0, 11.04, 141.98, 194.69, 6, " "
3.06912, 11.04, 11.04, 0, 0, 11.04, 138.98, 182.09, 6, " "
3.06912, 11.04, 11.04, 0, 0, 11.04, 141.98, 182.09, 6, " "
3.06912, 11.04, 11.04, 0, 0, 11.04, 138.98, 169.37, 6, " "
3.06912, 11.04, 11.04, 0, 0, 11.04, 141.98, 169.37, 6, " "
3.06912, 11.04, 11.04, 0, 0, 11.04, 138.98, 156.77, 6, " "
34.87536, 11.04, 11.04, 0, 0, 11.04, 259.34, 220.01, 6, "Phone:"
3.06912, 11.04, 11.04, 0, 0, 11.04, 294.29, 220.01, 6, " "
52.11984, 11.04, 11.04, 0, 0, 11.04, 301.73, 220.01, 6, "9380 6055"
3.06912, 11.04, 11.04, 0, 0, 11.04, 353.69, 220.01, 6, " "
24.33216, 11.04, 11.04, 0, 0, 11.04, 486.07, 220.13, 6, "Age:"
3.06912, 11.04, 11.04, 0, 0, 11.04, 510.43, 220.13, 6, " "
42.34944, 11.04, 11.04, 0, 0, 11.04, 513.55, 220.13, 6, "Infants 0"
3.67632, 11.04, 11.04, 0, 0, 11.04, 555.79, 220.13, 6, "-"
3.06912, 11.04, 11.04, 0, 0, 11.04, 559.51, 220.13, 6, " "
89.75519999999997, 11.04, 11.04, 0, 0, 11.04, 562.63, 220.13, 6, "2 years, children 2"
3.67632, 11.04, 11.04, 0, 0, 11.04, 652.39, 220.13, 6, "-"
89.86559999999997, 11.04, 11.04, 0, 0, 11.04, 656.11, 220.13, 6, "5 years, children 5"
3.67632, 11.04, 11.04, 0, 0, 11.04, 746.02, 220.13, 6, "-"
15.19104, 11.04, 11.04, 0, 0, 11.04, 749.74, 220.13, 6, "12 "
5.52, 11.04, 11.04, 0, 0, 11.04, 764.98, 220.13, 6, "y"
21.4728, 11.04, 11.04, 0, 0, 11.04, 770.38, 220.13, 6, "ears"
3.06912, 11.04, 11.04, 0, 0, 11.04, 791.86, 220.13, 6, " "
35.35008, 11.04, 11.04, 0, 0, 11.04, 259.34, 204.53, 6, "Mobile:"
3.06912, 11.04, 11.04, 0, 0, 11.04, 294.89, 204.53, 6, " "
3.06912, 11.04, 11.04, 0, 0, 11.04, 301.73, 204.53, 6, " "
98.48784, 11.04, 11.04, 0, 0, 11.04, 486.07, 204.65, 6, "Services provided:"
3.06912, 11.04, 11.04, 0, 0, 11.04, 584.59, 204.65, 6, " "
209.62751999999998, 11.04, 11.04, 0, 0, 11.04, 587.71, 204.65, 6, "autism assessments, developmental delay "
291.59952, 11.04, 11.04, 0, 0, 11.04, 486.07, 191.93, 6, "assessments, genetic disorders/syndromes, developmental "
195.6288, 11.04, 11.04, 0, 0, 11.04, 486.07, 179.21, 6, "challenges/concerns/delay, behavioural "
106.4808, 11.04, 11.04, 0, 0, 11.04, 681.82, 179.21, 6, "challenges/concerns, "
208.60080000000002, 11.04, 11.04, 0, 0, 11.04, 486.07, 166.61, 6, "attention, learning and behaviour problems"
3.06912, 11.04, 11.04, 0, 0, 11.04, 694.66, 166.61, 6, " "
35.118000000000016, 9, 9, 0, 0, 9, 259.34, 152.93, 6, "Website:"
3.06912, 11.04, 11.04, 0, 0, 11.04, 294.41, 152.93, 6, " "
176.60687999999996, 11.04, 11.04, 0, 0, 11.04, 301.73, 151.1, 6, "http://mccourtstreetpaediatrics.weeb"
34.831199999999995, 11.04, 11.04, 0, 0, 11.04, 301.73, 138.38, 6, "ly.com/"
3.06912, 11.04, 11.04, 0, 0, 11.04, 336.65, 138.38, 6, " "
3.06912, 11.04, 11.04, 0, 0, 11.04, 339.65, 138.38, 6, " "
70.44623999999999, 11.04, 11.04, 0, 0, 11.04, 486.07, 151.22, 6, "Other service"
9.77816, 11.04, 11.04, 0, 0, 11.04, 556.51, 151.22, 6, "s:"
3.06912, 11.04, 11.04, 0, 0, 11.04, 566.23, 151.22, 6, " "
30.53663999999999, 11.04, 11.04, 0, 0, 11.04, 259.34, 122.9, 6, "Email:"
3.06912, 11.04, 11.04, 0, 0, 11.04, 289.97, 122.9, 6, " "
164.68367999999998, 11.04, 11.04, 0, 0, 11.04, 301.73, 122.9, 6, "mccourtstreet.paed@hotmail.com"
3.06912, 11.04, 11.04, 0, 0, 11.04, 466.37, 122.9, 6, " "
3.06912, 11.04, 11.04, 0, 0, 11.04, 469.37, 122.9, 6, " "
120.97632000000002, 11.04, 11.04, 0, 0, 11.04, 486.07, 123.02, 6, "Additional information:"
3.06912, 11.04, 11.04, 0, 0, 11.04, 607.03, 123.02, 6, " "
21.307199999999995, 11.04, 11.04, 0, 0, 11.04, 259.34, 105.02, 6, "Fax:"
3.06912, 11.04, 11.04, 0, 0, 11.04, 280.7, 105.02, 6, " "
52.11984, 11.04, 11.04, 0, 0, 11.04, 301.73, 105.02, 6, "9380 6917"
3.06912, 11.04, 11.04, 0, 0, 11.04, 353.69, 105.02, 6, " "
3.06912, 11.04, 11.04, 0, 0, 11.04, 486.07, 105.02, 6, " "
3.06912, 11.04, 11.04, 0, 0, 11.04, 486.07, 92.424, 6, " "
3.06912, 11.04, 11.04, 0, 0, 11.04, 486.07, 79.704, 6, " "
3.06912, 11.04, 11.04, 0, 0, 11.04, 486.07, 67.104, 6, " "
